
 ⛅️ wrangler 4.116.0 (update available [32m4.141.0[39m)
[93m───────────────────────────────────────────────[39m
Your Worker has access to the following bindings:
[2mBinding[22m                                                                      [2mResource[22m                  [2mMode[22m
[37menv.YJS_PROJECTS[39m ([2mYjsProject, defined in inkweld-backend[22m)                    [31mDurable Object      [39m      [34mlocal[39m[32m [connected][39m
[37menv.DB[39m ([2minkweld_local[22m)                                                       [31mD1 Database         [39m      [34mlocal[39m
[37menv.STORAGE[39m ([2minkweld-storage-local[22m)                                          [31mR2 Bucket           [39m      [34mlocal[39m
[37menv.NODE_ENV[39m ([2m"development"[22m)                                                 [31mEnvironment Variable[39m      [34mlocal[39m
[37menv.PORT[39m ([2m"8333"[22m)                                                            [31mEnvironment Variable[39m      [34mlocal[39m
[37menv.DB_TYPE[39m ([2m"d1"[22m)                                                           [31mEnvironment Variable[39m      [34mlocal[39m
[37menv.BASE_URL[39m ([2m"http://localhost:8333"[22m)                                       [31mEnvironment Variable[39m      [34mlocal[39m
[37menv.FRONTEND_URL[39m ([2m"http://localhost:4200"[22m)                                   [31mEnvironment Variable[39m      [34mlocal[39m
[37menv.APP_NAME[39m ([2m"Inkweld"[22m)                                                     [31mEnvironment Variable[39m      [34mlocal[39m
[37menv.ALLOWED_ORIGINS[39m ([2m"http://localhost:4200,http://localhos..."[22m)             [31mEnvironment Variable[39m      [34mlocal[39m
[37menv.USER_APPROVAL_REQUIRED[39m ([2m"false"[22m)                                         [31mEnvironment Variable[39m      [34mlocal[39m
[37menv.GITHUB_ENABLED[39m ([2m"false"[22m)                                                 [31mEnvironment Variable[39m      [34mlocal[39m
[37menv.SESSION_SECRET[39m ([2m"local-dev-session-secret-for-testing-..."[22m)              [31mEnvironment Variable[39m      [34mlocal[39m

[2m[22m
[2mService bindings, Durable Object bindings, and Tail consumers connect to other Wrangler or Vite dev processes running locally, with their connection status indicated by [32m[connected][39m or [31m[not connected][39m. For more details, refer to https://developers.cloudflare.com/workers/runtime-apis/bindings/service-bindings/#local-development[22m
[2m[22m
Wrangler detected this dev session is running in an AI agent.
The Local Explorer API is available at http://localhost:9333/cdn-cgi/explorer/api
Useful routes:
  GET http://localhost:9333/cdn-cgi/explorer/api/local/workers - local Workers and bindings
  GET http://localhost:9333/cdn-cgi/explorer/api/storage/kv/namespaces - KV namespaces
  GET http://localhost:9333/cdn-cgi/explorer/api/d1/database - D1 databases
  GET http://localhost:9333/cdn-cgi/explorer/api/r2/buckets - R2 buckets
  GET http://localhost:9333/cdn-cgi/explorer/api/workers/durable_objects/namespaces - Durable Object namespaces
  GET http://localhost:9333/cdn-cgi/explorer/api/workflows - Workflows
  POST http://localhost:9333/cdn-cgi/explorer/api/local/observability/query - run a read-only SQL query (SELECT/WITH only) over captured request traces and console logs. Tables: spans, logs (read attributes via json(attributes)). Example:
    curl -X POST http://localhost:9333/cdn-cgi/explorer/api/local/observability/query -H 'Content-Type: application/json' -d '{"sql":"SELECT service, name, outcome, duration_ms FROM spans WHERE parent_id IS NULL LIMIT 20"}'
If the routes above don't cover what you need, fetch the full OpenAPI schema (large - use only as a last resort):
  GET http://localhost:9333/cdn-cgi/explorer/api - OpenAPI schema
[2m⎔ Starting local server...[22m
[32m[wrangler:info][39m Ready on [32mhttp://localhost:9333[39m
[32m[wrangler:info][39m [0m[1mGET[22m /api/v1/health [32m[1m200[22m OK [39m[90m(115ms)[39m[0m
[32m[wrangler:info][39m [0m[1mGET[22m /api/v1/health [32m[1m200[22m OK [39m[90m(36ms)[39m[0m
[2m12:29:37.777[0m [36m[1mDEBUG[0m [35m[HTTP][0m[2m (b0b929c3)[0m → GET /api/v1/config[2m {"method":"GET","path":"/api/v1/config","userAgent":"Playwright/1.63.0 (arm64; macOS 26.6) node/24.19"}[0m
[2m12:29:37.807[0m [32m[1mINFO [0m [35m[HTTP][0m[2m (b0b929c3)[0m ← GET /api/v1/config 200 32ms[2m {"method":"GET","path":"/api/v1/config","status":200,"durationMs":32}[0m
[32m[wrangler:info][39m [0m[1mGET[22m /api/v1/config [32m[1m200[22m OK [39m[90m(35ms)[39m[0m
[2m12:29:38.904[0m [36m[1mDEBUG[0m [35m[HTTP][0m[2m (ee4f9122)[0m → POST /api/v1/auth/register[2m {"method":"POST","path":"/api/v1/auth/register","userAgent":"Mozilla/5.0 (Windows NT 10.0; Win64; x64) AppleWebKit/537.36 (KHTML, like Gecko) Chrome/153.0.8010.1","requestSize":"79 B"}[0m
[2m12:29:39.041[0m [32m[1mINFO [0m [35m[Email][0m[2m (ee4f9122)[0m Email sending skipped — no valid recipient address[2m {"to":"testuser-test-1790425778890-gw3qgg@local"}[0m
[2m12:29:39.041[0m [32m[1mINFO [0m [35m[HTTP][0m[2m (ee4f9122)[0m ← POST /api/v1/auth/register 200 137ms[2m {"method":"POST","path":"/api/v1/auth/register","status":200,"durationMs":137}[0m
[32m[wrangler:info][39m [0m[1mPOST[22m /api/v1/auth/register [32m[1m200[22m OK [39m[90m(140ms)[39m[0m
[2m12:29:39.573[0m [36m[1mDEBUG[0m [35m[HTTP][0m[2m (d92778b9)[0m → OPTIONS /api/v1/appearance/config[2m {"method":"OPTIONS","path":"/api/v1/appearance/config","userAgent":"Mozilla/5.0 (Windows NT 10.0; Win64; x64) AppleWebKit/537.36 (KHTML, like Gecko) Chrome/153.0.8010.1"}[0m
[2m12:29:39.575[0m [32m[1mINFO [0m [35m[HTTP][0m[2m (d92778b9)[0m ← OPTIONS /api/v1/appearance/config 204 3ms[2m {"method":"OPTIONS","path":"/api/v1/appearance/config","status":204,"durationMs":3}[0m
[2m12:29:39.582[0m [36m[1mDEBUG[0m [35m[HTTP][0m[2m (f59f4320)[0m → GET /api/v1/appearance/config[2m {"method":"GET","path":"/api/v1/appearance/config","userAgent":"Mozilla/5.0 (Windows NT 10.0; Win64; x64) AppleWebKit/537.36 (KHTML, like Gecko) Chrome/153.0.8010.1"}[0m
[32m[wrangler:info][39m [0m[1mOPTIONS[22m /api/v1/appearance/config [32m[1m204[22m No Content [39m[90m(10ms)[39m[0m
[2m12:29:39.588[0m [32m[1mINFO [0m [35m[HTTP][0m[2m (f59f4320)[0m ← GET /api/v1/appearance/config 200 6ms[2m {"method":"GET","path":"/api/v1/appearance/config","status":200,"durationMs":6}[0m
[32m[wrangler:info][39m [0m[1mGET[22m /api/v1/appearance/config [32m[1m200[22m OK [39m[90m(9ms)[39m[0m
[2m12:29:39.677[0m [36m[1mDEBUG[0m [35m[HTTP][0m[2m (af5e3b7b)[0m → OPTIONS /api/v1/users/me[2m {"method":"OPTIONS","path":"/api/v1/users/me","userAgent":"Mozilla/5.0 (Windows NT 10.0; Win64; x64) AppleWebKit/537.36 (KHTML, like Gecko) Chrome/153.0.8010.1"}[0m
[2m12:29:39.678[0m [32m[1mINFO [0m [35m[HTTP][0m[2m (af5e3b7b)[0m ← OPTIONS /api/v1/users/me 204 1ms[2m {"method":"OPTIONS","path":"/api/v1/users/me","status":204,"durationMs":1}[0m
[32m[wrangler:info][39m [0m[1mOPTIONS[22m /api/v1/users/me [32m[1m204[22m No Content [39m[90m(6ms)[39m[0m
[2m12:29:39.682[0m [36m[1mDEBUG[0m [35m[HTTP][0m[2m (90609cbe)[0m → GET /api/v1/users/me[2m {"method":"GET","path":"/api/v1/users/me","userAgent":"Mozilla/5.0 (Windows NT 10.0; Win64; x64) AppleWebKit/537.36 (KHTML, like Gecko) Chrome/153.0.8010.1"}[0m
[2m12:29:39.706[0m [32m[1mINFO [0m [35m[HTTP][0m[2m (90609cbe)[0m ← GET /api/v1/users/me 200 24ms[2m {"method":"GET","path":"/api/v1/users/me","status":200,"durationMs":24}[0m
[32m[wrangler:info][39m [0m[1mGET[22m /api/v1/users/me [32m[1m200[22m OK [39m[90m(27ms)[39m[0m
[32m[wrangler:info][39m [0m[1mGET[22m /api/v1/health [32m[1m200[22m OK [39m[90m(5ms)[39m[0m
[2m12:29:39.717[0m [36m[1mDEBUG[0m [35m[HTTP][0m[2m (b717f94d)[0m → OPTIONS /api/v1/config/features[2m {"method":"OPTIONS","path":"/api/v1/config/features","userAgent":"Mozilla/5.0 (Windows NT 10.0; Win64; x64) AppleWebKit/537.36 (KHTML, like Gecko) Chrome/153.0.8010.1"}[0m
[2m12:29:39.719[0m [32m[1mINFO [0m [35m[HTTP][0m[2m (b717f94d)[0m ← OPTIONS /api/v1/config/features 204 2ms[2m {"method":"OPTIONS","path":"/api/v1/config/features","status":204,"durationMs":2}[0m
[2m12:29:39.720[0m [36m[1mDEBUG[0m [35m[HTTP][0m[2m (0123a5ee)[0m → OPTIONS /api/v1/appearance/preference[2m {"method":"OPTIONS","path":"/api/v1/appearance/preference","userAgent":"Mozilla/5.0 (Windows NT 10.0; Win64; x64) AppleWebKit/537.36 (KHTML, like Gecko) Chrome/153.0.8010.1"}[0m
[2m12:29:39.724[0m [32m[1mINFO [0m [35m[HTTP][0m[2m (0123a5ee)[0m ← OPTIONS /api/v1/appearance/preference 204 4ms[2m {"method":"OPTIONS","path":"/api/v1/appearance/preference","status":204,"durationMs":4}[0m
[2m12:29:39.728[0m [36m[1mDEBUG[0m [35m[HTTP][0m[2m (fc6e4445)[0m → GET /api/v1/config/features[2m {"method":"GET","path":"/api/v1/config/features","userAgent":"Mozilla/5.0 (Windows NT 10.0; Win64; x64) AppleWebKit/537.36 (KHTML, like Gecko) Chrome/153.0.8010.1"}[0m
[32m[wrangler:info][39m [0m[1mOPTIONS[22m /api/v1/config/features [32m[1m204[22m No Content [39m[90m(8ms)[39m[0m
[32m[wrangler:info][39m [0m[1mOPTIONS[22m /api/v1/appearance/preference [32m[1m204[22m No Content [39m[90m(15ms)[39m[0m
[2m12:29:39.749[0m [32m[1mINFO [0m [35m[ImageGeneration][0m[2m (fc6e4445)[0m Configuring providers from database...
[2m12:29:39.783[0m [32m[1mINFO [0m [35m[ImageGeneration][0m[2m (fc6e4445)[0m Provider configuration complete
[2m12:29:39.784[0m [32m[1mINFO [0m [35m[HTTP][0m[2m (fc6e4445)[0m ← GET /api/v1/config/features 200 56ms[2m {"method":"GET","path":"/api/v1/config/features","status":200,"durationMs":56}[0m
[32m[wrangler:info][39m [0m[1mGET[22m /api/v1/config/features [32m[1m200[22m OK [39m[90m(62ms)[39m[0m
[2m12:29:39.786[0m [36m[1mDEBUG[0m [35m[HTTP][0m[2m (767f273f)[0m → GET /api/v1/appearance/preference[2m {"method":"GET","path":"/api/v1/appearance/preference","userAgent":"Mozilla/5.0 (Windows NT 10.0; Win64; x64) AppleWebKit/537.36 (KHTML, like Gecko) Chrome/153.0.8010.1"}[0m
[2m12:29:39.793[0m [32m[1mINFO [0m [35m[HTTP][0m[2m (767f273f)[0m ← GET /api/v1/appearance/preference 200 6ms[2m {"method":"GET","path":"/api/v1/appearance/preference","status":200,"durationMs":6}[0m
[32m[wrangler:info][39m [0m[1mGET[22m /api/v1/appearance/preference [32m[1m200[22m OK [39m[90m(62ms)[39m[0m
[2m12:29:39.880[0m [36m[1mDEBUG[0m [35m[HTTP][0m[2m (c6e7ca2f)[0m → GET /api/v1/users/me[2m {"method":"GET","path":"/api/v1/users/me","userAgent":"Mozilla/5.0 (Windows NT 10.0; Win64; x64) AppleWebKit/537.36 (KHTML, like Gecko) Chrome/153.0.8010.1"}[0m
[2m12:29:39.883[0m [32m[1mINFO [0m [35m[HTTP][0m[2m (c6e7ca2f)[0m ← GET /api/v1/users/me 200 3ms[2m {"method":"GET","path":"/api/v1/users/me","status":200,"durationMs":3}[0m
[32m[wrangler:info][39m [0m[1mGET[22m /api/v1/users/me [32m[1m200[22m OK [39m[90m(5ms)[39m[0m
[2m12:29:39.907[0m [36m[1mDEBUG[0m [35m[HTTP][0m[2m (74206b12)[0m → OPTIONS /api/v1/announcements/unread-count[2m {"method":"OPTIONS","path":"/api/v1/announcements/unread-count","userAgent":"Mozilla/5.0 (Windows NT 10.0; Win64; x64) AppleWebKit/537.36 (KHTML, like Gecko) Chrome/153.0.8010.1"}[0m
[2m12:29:39.911[0m [32m[1mINFO [0m [35m[HTTP][0m[2m (74206b12)[0m ← OPTIONS /api/v1/announcements/unread-count 204 4ms[2m {"method":"OPTIONS","path":"/api/v1/announcements/unread-count","status":204,"durationMs":4}[0m
[32m[wrangler:info][39m [0m[1mOPTIONS[22m /api/v1/announcements/unread-count [32m[1m204[22m No Content [39m[90m(7ms)[39m[0m
[2m12:29:39.915[0m [36m[1mDEBUG[0m [35m[HTTP][0m[2m (e711611f)[0m → GET /api/v1/announcements/unread-count[2m {"method":"GET","path":"/api/v1/announcements/unread-count","userAgent":"Mozilla/5.0 (Windows NT 10.0; Win64; x64) AppleWebKit/537.36 (KHTML, like Gecko) Chrome/153.0.8010.1"}[0m
[2m12:29:39.928[0m [32m[1mINFO [0m [35m[HTTP][0m[2m (e711611f)[0m ← GET /api/v1/announcements/unread-count 200 13ms[2m {"method":"GET","path":"/api/v1/announcements/unread-count","status":200,"durationMs":13}[0m
[32m[wrangler:info][39m [0m[1mGET[22m /api/v1/announcements/unread-count [32m[1m200[22m OK [39m[90m(17ms)[39m[0m
[2m12:29:39.952[0m [36m[1mDEBUG[0m [35m[HTTP][0m[2m (2436c95a)[0m → OPTIONS /api/v1/projects[2m {"method":"OPTIONS","path":"/api/v1/projects","userAgent":"Mozilla/5.0 (Windows NT 10.0; Win64; x64) AppleWebKit/537.36 (KHTML, like Gecko) Chrome/153.0.8010.1"}[0m
[2m12:29:39.952[0m [32m[1mINFO [0m [35m[HTTP][0m[2m (2436c95a)[0m ← OPTIONS /api/v1/projects 204 1ms[2m {"method":"OPTIONS","path":"/api/v1/projects","status":204,"durationMs":1}[0m
[32m[wrangler:info][39m [0m[1mOPTIONS[22m /api/v1/projects [32m[1m204[22m No Content [39m[90m(3ms)[39m[0m
[2m12:29:39.956[0m [36m[1mDEBUG[0m [35m[HTTP][0m[2m (5b664b4e)[0m → GET /api/v1/projects[2m {"method":"GET","path":"/api/v1/projects","userAgent":"Mozilla/5.0 (Windows NT 10.0; Win64; x64) AppleWebKit/537.36 (KHTML, like Gecko) Chrome/153.0.8010.1"}[0m
[2m12:29:39.978[0m [32m[1mINFO [0m [35m[HTTP][0m[2m (5b664b4e)[0m ← GET /api/v1/projects 200 22ms[2m {"method":"GET","path":"/api/v1/projects","status":200,"durationMs":22}[0m
[32m[wrangler:info][39m [0m[1mGET[22m /api/v1/projects [32m[1m200[22m OK [39m[90m(27ms)[39m[0m
[2m12:29:40.006[0m [36m[1mDEBUG[0m [35m[HTTP][0m[2m (74bbc2ba)[0m → OPTIONS /api/v1/collaboration/invitations[2m {"method":"OPTIONS","path":"/api/v1/collaboration/invitations","userAgent":"Mozilla/5.0 (Windows NT 10.0; Win64; x64) AppleWebKit/537.36 (KHTML, like Gecko) Chrome/153.0.8010.1"}[0m
[2m12:29:40.007[0m [32m[1mINFO [0m [35m[HTTP][0m[2m (74bbc2ba)[0m ← OPTIONS /api/v1/collaboration/invitations 204 1ms[2m {"method":"OPTIONS","path":"/api/v1/collaboration/invitations","status":204,"durationMs":1}[0m
[2m12:29:40.007[0m [36m[1mDEBUG[0m [35m[HTTP][0m[2m (4395891b)[0m → OPTIONS /api/v1/collaboration/collaborated[2m {"method":"OPTIONS","path":"/api/v1/collaboration/collaborated","userAgent":"Mozilla/5.0 (Windows NT 10.0; Win64; x64) AppleWebKit/537.36 (KHTML, like Gecko) Chrome/153.0.8010.1"}[0m
[2m12:29:40.007[0m [32m[1mINFO [0m [35m[HTTP][0m[2m (4395891b)[0m ← OPTIONS /api/v1/collaboration/collaborated 204 0ms[2m {"method":"OPTIONS","path":"/api/v1/collaboration/collaborated","status":204,"durationMs":0}[0m
[32m[wrangler:info][39m [0m[1mOPTIONS[22m /api/v1/collaboration/invitations [32m[1m204[22m No Content [39m[90m(9ms)[39m[0m
[32m[wrangler:info][39m [0m[1mOPTIONS[22m /api/v1/collaboration/collaborated [32m[1m204[22m No Content [39m[90m(4ms)[39m[0m
[2m12:29:40.028[0m [36m[1mDEBUG[0m [35m[HTTP][0m[2m (5190c364)[0m → GET /api/v1/collaboration/invitations[2m {"method":"GET","path":"/api/v1/collaboration/invitations","userAgent":"Mozilla/5.0 (Windows NT 10.0; Win64; x64) AppleWebKit/537.36 (KHTML, like Gecko) Chrome/153.0.8010.1"}[0m
[2m12:29:40.030[0m [36m[1mDEBUG[0m [35m[HTTP][0m[2m (67d9e295)[0m → GET /api/v1/collaboration/collaborated[2m {"method":"GET","path":"/api/v1/collaboration/collaborated","userAgent":"Mozilla/5.0 (Windows NT 10.0; Win64; x64) AppleWebKit/537.36 (KHTML, like Gecko) Chrome/153.0.8010.1"}[0m
[2m12:29:40.037[0m [32m[1mINFO [0m [35m[HTTP][0m[2m (5190c364)[0m ← GET /api/v1/collaboration/invitations 200 8ms[2m {"method":"GET","path":"/api/v1/collaboration/invitations","status":200,"durationMs":8}[0m
[2m12:29:40.037[0m [32m[1mINFO [0m [35m[HTTP][0m[2m (67d9e295)[0m ← GET /api/v1/collaboration/collaborated 200 7ms[2m {"method":"GET","path":"/api/v1/collaboration/collaborated","status":200,"durationMs":7}[0m
[32m[wrangler:info][39m [0m[1mGET[22m /api/v1/collaboration/invitations [32m[1m200[22m OK [39m[90m(22ms)[39m[0m
[32m[wrangler:info][39m [0m[1mGET[22m /api/v1/collaboration/collaborated [32m[1m200[22m OK [39m[90m(22ms)[39m[0m
[2m12:29:40.070[0m [36m[1mDEBUG[0m [35m[HTTP][0m[2m (6db94ccb)[0m → GET /api/v1/users/me[2m {"method":"GET","path":"/api/v1/users/me","userAgent":"Mozilla/5.0 (Windows NT 10.0; Win64; x64) AppleWebKit/537.36 (KHTML, like Gecko) Chrome/153.0.8010.1"}[0m
[2m12:29:40.071[0m [32m[1mINFO [0m [35m[HTTP][0m[2m (6db94ccb)[0m ← GET /api/v1/users/me 200 2ms[2m {"method":"GET","path":"/api/v1/users/me","status":200,"durationMs":2}[0m
[32m[wrangler:info][39m [0m[1mGET[22m /api/v1/users/me [32m[1m200[22m OK [39m[90m(3ms)[39m[0m
[2m12:29:40.333[0m [36m[1mDEBUG[0m [35m[HTTP][0m[2m (e3a11b08)[0m → OPTIONS /api/v1/auth/passkeys[2m {"method":"OPTIONS","path":"/api/v1/auth/passkeys","userAgent":"Mozilla/5.0 (Windows NT 10.0; Win64; x64) AppleWebKit/537.36 (KHTML, like Gecko) Chrome/153.0.8010.1"}[0m
[2m12:29:40.334[0m [32m[1mINFO [0m [35m[HTTP][0m[2m (e3a11b08)[0m ← OPTIONS /api/v1/auth/passkeys 204 1ms[2m {"method":"OPTIONS","path":"/api/v1/auth/passkeys","status":204,"durationMs":1}[0m
[32m[wrangler:info][39m [0m[1mOPTIONS[22m /api/v1/auth/passkeys [32m[1m204[22m No Content [39m[90m(2ms)[39m[0m
[2m12:29:40.337[0m [36m[1mDEBUG[0m [35m[HTTP][0m[2m (6360cb1a)[0m → GET /api/v1/auth/passkeys[2m {"method":"GET","path":"/api/v1/auth/passkeys","userAgent":"Mozilla/5.0 (Windows NT 10.0; Win64; x64) AppleWebKit/537.36 (KHTML, like Gecko) Chrome/153.0.8010.1"}[0m
[2m12:29:40.340[0m [32m[1mINFO [0m [35m[HTTP][0m[2m (6360cb1a)[0m ← GET /api/v1/auth/passkeys 200 3ms[2m {"method":"GET","path":"/api/v1/auth/passkeys","status":200,"durationMs":3}[0m
[32m[wrangler:info][39m [0m[1mGET[22m /api/v1/auth/passkeys [32m[1m200[22m OK [39m[90m(6ms)[39m[0m
[2m12:29:40.984[0m [36m[1mDEBUG[0m [35m[HTTP][0m[2m (c477b743)[0m → GET /api/v1/projects[2m {"method":"GET","path":"/api/v1/projects","userAgent":"Mozilla/5.0 (Windows NT 10.0; Win64; x64) AppleWebKit/537.36 (KHTML, like Gecko) Chrome/153.0.8010.1"}[0m
[2m12:29:40.986[0m [32m[1mINFO [0m [35m[HTTP][0m[2m (c477b743)[0m ← GET /api/v1/projects 200 2ms[2m {"method":"GET","path":"/api/v1/projects","status":200,"durationMs":2}[0m
[32m[wrangler:info][39m [0m[1mGET[22m /api/v1/projects [32m[1m200[22m OK [39m[90m(4ms)[39m[0m
[2m12:29:40.998[0m [36m[1mDEBUG[0m [35m[HTTP][0m[2m (c2eb4ba1)[0m → DELETE /api/v1/users/me[2m {"method":"DELETE","path":"/api/v1/users/me","userAgent":"Mozilla/5.0 (Windows NT 10.0; Win64; x64) AppleWebKit/537.36 (KHTML, like Gecko) Chrome/153.0.8010.1","requestSize":"56 B"}[0m
[2m12:29:41.017[0m [32m[1mINFO [0m [35m[AccountDeletion][0m[2m (c2eb4ba1)[0m Account deleted[2m {"userId":"812eb5b2-84d9-4d9d-8b66-19e87720d675"}[0m
[2m12:29:41.017[0m [32m[1mINFO [0m [35m[HTTP][0m[2m (c2eb4ba1)[0m ← DELETE /api/v1/users/me 200 19ms[2m {"method":"DELETE","path":"/api/v1/users/me","status":200,"durationMs":19}[0m
[32m[wrangler:info][39m [0m[1mDELETE[22m /api/v1/users/me [32m[1m200[22m OK [39m[90m(21ms)[39m[0m
[2m12:29:41.028[0m [36m[1mDEBUG[0m [35m[HTTP][0m[2m (317d1b0d)[0m → GET /api/v1/announcements/public[2m {"method":"GET","path":"/api/v1/announcements/public","userAgent":"Mozilla/5.0 (Windows NT 10.0; Win64; x64) AppleWebKit/537.36 (KHTML, like Gecko) Chrome/153.0.8010.1"}[0m
[2m12:29:41.032[0m [32m[1mINFO [0m [35m[HTTP][0m[2m (317d1b0d)[0m ← GET /api/v1/announcements/public 200 4ms[2m {"method":"GET","path":"/api/v1/announcements/public","status":200,"durationMs":4}[0m
[32m[wrangler:info][39m [0m[1mGET[22m /api/v1/announcements/public [32m[1m200[22m OK [39m[90m(9ms)[39m[0m
[2m12:29:41.306[0m [36m[1mDEBUG[0m [35m[HTTP][0m[2m (b799f51e)[0m → GET /api/v1/appearance/config[2m {"method":"GET","path":"/api/v1/appearance/config","userAgent":"Mozilla/5.0 (Windows NT 10.0; Win64; x64) AppleWebKit/537.36 (KHTML, like Gecko) Chrome/153.0.8010.1"}[0m
[2m12:29:41.314[0m [32m[1mINFO [0m [35m[HTTP][0m[2m (b799f51e)[0m ← GET /api/v1/appearance/config 200 8ms[2m {"method":"GET","path":"/api/v1/appearance/config","status":200,"durationMs":8}[0m
[32m[wrangler:info][39m [0m[1mGET[22m /api/v1/appearance/config [32m[1m200[22m OK [39m[90m(13ms)[39m[0m
[2m12:29:41.362[0m [36m[1mDEBUG[0m [35m[HTTP][0m[2m (8a733fad)[0m → GET /api/v1/users/me[2m {"method":"GET","path":"/api/v1/users/me","userAgent":"Mozilla/5.0 (Windows NT 10.0; Win64; x64) AppleWebKit/537.36 (KHTML, like Gecko) Chrome/153.0.8010.1"}[0m
[33m▲ [43;33m[[43;30mWARNING[43;33m][0m [1m[2m12:29:41.365[0m [33m[1mWARN [0m [35m[HTTP][0m[2m (8a733fad)[0m ← GET /api/v1/users/me 401 2ms[2m {"method":"GET","path":"/api/v1/users/me","status":401,"durationMs":2}[0m[0m


[2m12:29:41.371[0m [36m[1mDEBUG[0m [35m[HTTP][0m[2m (c959cbb5)[0m → GET /api/v1/config/features[2m {"method":"GET","path":"/api/v1/config/features","userAgent":"Mozilla/5.0 (Windows NT 10.0; Win64; x64) AppleWebKit/537.36 (KHTML, like Gecko) Chrome/153.0.8010.1"}[0m
[2m12:29:41.384[0m [32m[1mINFO [0m [35m[HTTP][0m[2m (c959cbb5)[0m ← GET /api/v1/config/features 200 13ms[2m {"method":"GET","path":"/api/v1/config/features","status":200,"durationMs":13}[0m
[2m12:29:41.387[0m [36m[1mDEBUG[0m [35m[HTTP][0m[2m (2d7a0e35)[0m → GET /api/v1/users/me[2m {"method":"GET","path":"/api/v1/users/me","userAgent":"Mozilla/5.0 (Windows NT 10.0; Win64; x64) AppleWebKit/537.36 (KHTML, like Gecko) Chrome/153.0.8010.1"}[0m
[33m▲ [43;33m[[43;30mWARNING[43;33m][0m [1m[2m12:29:41.398[0m [33m[1mWARN [0m [35m[HTTP][0m[2m (2d7a0e35)[0m ← GET /api/v1/users/me 401 11ms[2m {"method":"GET","path":"/api/v1/users/me","status":401,"durationMs":11}[0m[0m


[2m12:29:41.399[0m [36m[1mDEBUG[0m [35m[HTTP][0m[2m (f3828e3f)[0m → GET /api/v1/users/me[2m {"method":"GET","path":"/api/v1/users/me","userAgent":"Mozilla/5.0 (Windows NT 10.0; Win64; x64) AppleWebKit/537.36 (KHTML, like Gecko) Chrome/153.0.8010.1"}[0m
[2m12:29:41.400[0m [32m[1mINFO [0m [35m[HTTP][0m[2m (f3828e3f)[0m ← GET /api/v1/users/me 200 1ms[2m {"method":"GET","path":"/api/v1/users/me","status":200,"durationMs":1}[0m
[32m[wrangler:info][39m [0m[1mGET[22m /api/v1/users/me [33m[1m401[22m Unauthorized [39m[90m(5ms)[39m[0m
[32m[wrangler:info][39m [0m[1mGET[22m /api/v1/config/features [32m[1m200[22m OK [39m[90m(19ms)[39m[0m
[32m[wrangler:info][39m [0m[1mGET[22m /api/v1/users/me [33m[1m401[22m Unauthorized [39m[90m(23ms)[39m[0m
[32m[wrangler:info][39m [0m[1mGET[22m /api/v1/users/me [32m[1m200[22m OK [39m[90m(21ms)[39m[0m
[32m[wrangler:info][39m [0m[1mGET[22m /api/v1/health [32m[1m200[22m OK [39m[90m(8ms)[39m[0m
[2m12:29:41.550[0m [36m[1mDEBUG[0m [35m[HTTP][0m[2m (4699a4a0)[0m → GET /api/v1/users/me[2m {"method":"GET","path":"/api/v1/users/me","userAgent":"Mozilla/5.0 (Windows NT 10.0; Win64; x64) AppleWebKit/537.36 (KHTML, like Gecko) Chrome/153.0.8010.1"}[0m
[2m12:29:41.551[0m [32m[1mINFO [0m [35m[HTTP][0m[2m (4699a4a0)[0m ← GET /api/v1/users/me 200 1ms[2m {"method":"GET","path":"/api/v1/users/me","status":200,"durationMs":1}[0m
[32m[wrangler:info][39m [0m[1mGET[22m /api/v1/users/me [32m[1m200[22m OK [39m[90m(2ms)[39m[0m
[2m12:29:41.558[0m [36m[1mDEBUG[0m [35m[HTTP][0m[2m (84985b1c)[0m → GET /api/v1/announcements/public[2m {"method":"GET","path":"/api/v1/announcements/public","userAgent":"Mozilla/5.0 (Windows NT 10.0; Win64; x64) AppleWebKit/537.36 (KHTML, like Gecko) Chrome/153.0.8010.1"}[0m
[2m12:29:41.561[0m [32m[1mINFO [0m [35m[HTTP][0m[2m (84985b1c)[0m ← GET /api/v1/announcements/public 200 3ms[2m {"method":"GET","path":"/api/v1/announcements/public","status":200,"durationMs":3}[0m
[32m[wrangler:info][39m [0m[1mGET[22m /api/v1/announcements/public [32m[1m200[22m OK [39m[90m(5ms)[39m[0m
[2m12:29:41.862[0m [36m[1mDEBUG[0m [35m[HTTP][0m[2m (8f15ec42)[0m → POST /api/v1/auth/register[2m {"method":"POST","path":"/api/v1/auth/register","userAgent":"Mozilla/5.0 (Windows NT 10.0; Win64; x64) AppleWebKit/537.36 (KHTML, like Gecko) Chrome/153.0.8010.1","requestSize":"79 B"}[0m
[2m12:29:41.941[0m [32m[1mINFO [0m [35m[Email][0m[2m (8f15ec42)[0m Email sending skipped — no valid recipient address[2m {"to":"testuser-test-1790425781858-ffbqdq@local"}[0m
[2m12:29:41.941[0m [32m[1mINFO [0m [35m[HTTP][0m[2m (8f15ec42)[0m ← POST /api/v1/auth/register 200 79ms[2m {"method":"POST","path":"/api/v1/auth/register","status":200,"durationMs":79}[0m
[32m[wrangler:info][39m [0m[1mPOST[22m /api/v1/auth/register [32m[1m200[22m OK [39m[90m(81ms)[39m[0m
[2m12:29:42.301[0m [36m[1mDEBUG[0m [35m[HTTP][0m[2m (d1ffeb40)[0m → OPTIONS /api/v1/appearance/config[2m {"method":"OPTIONS","path":"/api/v1/appearance/config","userAgent":"Mozilla/5.0 (Windows NT 10.0; Win64; x64) AppleWebKit/537.36 (KHTML, like Gecko) Chrome/153.0.8010.1"}[0m
[2m12:29:42.301[0m [32m[1mINFO [0m [35m[HTTP][0m[2m (d1ffeb40)[0m ← OPTIONS /api/v1/appearance/config 204 0ms[2m {"method":"OPTIONS","path":"/api/v1/appearance/config","status":204,"durationMs":0}[0m
[32m[wrangler:info][39m [0m[1mOPTIONS[22m /api/v1/appearance/config [32m[1m204[22m No Content [39m[90m(3ms)[39m[0m
[2m12:29:42.305[0m [36m[1mDEBUG[0m [35m[HTTP][0m[2m (30af664b)[0m → GET /api/v1/appearance/config[2m {"method":"GET","path":"/api/v1/appearance/config","userAgent":"Mozilla/5.0 (Windows NT 10.0; Win64; x64) AppleWebKit/537.36 (KHTML, like Gecko) Chrome/153.0.8010.1"}[0m
[2m12:29:42.325[0m [32m[1mINFO [0m [35m[HTTP][0m[2m (30af664b)[0m ← GET /api/v1/appearance/config 200 20ms[2m {"method":"GET","path":"/api/v1/appearance/config","status":200,"durationMs":20}[0m
[32m[wrangler:info][39m [0m[1mGET[22m /api/v1/appearance/config [32m[1m200[22m OK [39m[90m(24ms)[39m[0m
[2m12:29:42.373[0m [36m[1mDEBUG[0m [35m[HTTP][0m[2m (c3c1e264)[0m → OPTIONS /api/v1/users/me[2m {"method":"OPTIONS","path":"/api/v1/users/me","userAgent":"Mozilla/5.0 (Windows NT 10.0; Win64; x64) AppleWebKit/537.36 (KHTML, like Gecko) Chrome/153.0.8010.1"}[0m
[2m12:29:42.376[0m [32m[1mINFO [0m [35m[HTTP][0m[2m (c3c1e264)[0m ← OPTIONS /api/v1/users/me 204 2ms[2m {"method":"OPTIONS","path":"/api/v1/users/me","status":204,"durationMs":2}[0m
[32m[wrangler:info][39m [0m[1mOPTIONS[22m /api/v1/users/me [32m[1m204[22m No Content [39m[90m(11ms)[39m[0m
[2m12:29:42.385[0m [36m[1mDEBUG[0m [35m[HTTP][0m[2m (2a94e1f9)[0m → GET /api/v1/users/me[2m {"method":"GET","path":"/api/v1/users/me","userAgent":"Mozilla/5.0 (Windows NT 10.0; Win64; x64) AppleWebKit/537.36 (KHTML, like Gecko) Chrome/153.0.8010.1"}[0m
[2m12:29:42.394[0m [32m[1mINFO [0m [35m[HTTP][0m[2m (2a94e1f9)[0m ← GET /api/v1/users/me 200 9ms[2m {"method":"GET","path":"/api/v1/users/me","status":200,"durationMs":9}[0m
[32m[wrangler:info][39m [0m[1mGET[22m /api/v1/users/me [32m[1m200[22m OK [39m[90m(14ms)[39m[0m
[32m[wrangler:info][39m [0m[1mGET[22m /api/v1/health [32m[1m200[22m OK [39m[90m(6ms)[39m[0m
[2m12:29:42.407[0m [36m[1mDEBUG[0m [35m[HTTP][0m[2m (0ca4d3f8)[0m → OPTIONS /api/v1/config/features[2m {"method":"OPTIONS","path":"/api/v1/config/features","userAgent":"Mozilla/5.0 (Windows NT 10.0; Win64; x64) AppleWebKit/537.36 (KHTML, like Gecko) Chrome/153.0.8010.1"}[0m
[2m12:29:42.408[0m [32m[1mINFO [0m [35m[HTTP][0m[2m (0ca4d3f8)[0m ← OPTIONS /api/v1/config/features 204 1ms[2m {"method":"OPTIONS","path":"/api/v1/config/features","status":204,"durationMs":1}[0m
[32m[wrangler:info][39m [0m[1mOPTIONS[22m /api/v1/config/features [32m[1m204[22m No Content [39m[90m(8ms)[39m[0m
[2m12:29:42.409[0m [36m[1mDEBUG[0m [35m[HTTP][0m[2m (2035e6e8)[0m → OPTIONS /api/v1/appearance/preference[2m {"method":"OPTIONS","path":"/api/v1/appearance/preference","userAgent":"Mozilla/5.0 (Windows NT 10.0; Win64; x64) AppleWebKit/537.36 (KHTML, like Gecko) Chrome/153.0.8010.1"}[0m
[2m12:29:42.411[0m [32m[1mINFO [0m [35m[HTTP][0m[2m (2035e6e8)[0m ← OPTIONS /api/v1/appearance/preference 204 2ms[2m {"method":"OPTIONS","path":"/api/v1/appearance/preference","status":204,"durationMs":2}[0m
[32m[wrangler:info][39m [0m[1mOPTIONS[22m /api/v1/appearance/preference [32m[1m204[22m No Content [39m[90m(10ms)[39m[0m
[2m12:29:42.415[0m [36m[1mDEBUG[0m [35m[HTTP][0m[2m (254c5245)[0m → GET /api/v1/config/features[2m {"method":"GET","path":"/api/v1/config/features","userAgent":"Mozilla/5.0 (Windows NT 10.0; Win64; x64) AppleWebKit/537.36 (KHTML, like Gecko) Chrome/153.0.8010.1"}[0m
[2m12:29:42.425[0m [32m[1mINFO [0m [35m[HTTP][0m[2m (254c5245)[0m ← GET /api/v1/config/features 200 10ms[2m {"method":"GET","path":"/api/v1/config/features","status":200,"durationMs":10}[0m
[2m12:29:42.427[0m [36m[1mDEBUG[0m [35m[HTTP][0m[2m (1d7f8b1c)[0m → GET /api/v1/appearance/preference[2m {"method":"GET","path":"/api/v1/appearance/preference","userAgent":"Mozilla/5.0 (Windows NT 10.0; Win64; x64) AppleWebKit/537.36 (KHTML, like Gecko) Chrome/153.0.8010.1"}[0m
[32m[wrangler:info][39m [0m[1mGET[22m /api/v1/config/features [32m[1m200[22m OK [39m[90m(14ms)[39m[0m
[2m12:29:42.430[0m [32m[1mINFO [0m [35m[HTTP][0m[2m (1d7f8b1c)[0m ← GET /api/v1/appearance/preference 200 3ms[2m {"method":"GET","path":"/api/v1/appearance/preference","status":200,"durationMs":3}[0m
[32m[wrangler:info][39m [0m[1mGET[22m /api/v1/appearance/preference [32m[1m200[22m OK [39m[90m(17ms)[39m[0m
[2m12:29:42.553[0m [36m[1mDEBUG[0m [35m[HTTP][0m[2m (44d7d6fb)[0m → GET /api/v1/users/me[2m {"method":"GET","path":"/api/v1/users/me","userAgent":"Mozilla/5.0 (Windows NT 10.0; Win64; x64) AppleWebKit/537.36 (KHTML, like Gecko) Chrome/153.0.8010.1"}[0m
[2m12:29:42.564[0m [32m[1mINFO [0m [35m[HTTP][0m[2m (44d7d6fb)[0m ← GET /api/v1/users/me 200 11ms[2m {"method":"GET","path":"/api/v1/users/me","status":200,"durationMs":11}[0m
[32m[wrangler:info][39m [0m[1mGET[22m /api/v1/users/me [32m[1m200[22m OK [39m[90m(15ms)[39m[0m
[2m12:29:42.585[0m [36m[1mDEBUG[0m [35m[HTTP][0m[2m (e493fae0)[0m → OPTIONS /api/v1/announcements/unread-count[2m {"method":"OPTIONS","path":"/api/v1/announcements/unread-count","userAgent":"Mozilla/5.0 (Windows NT 10.0; Win64; x64) AppleWebKit/537.36 (KHTML, like Gecko) Chrome/153.0.8010.1"}[0m
[2m12:29:42.587[0m [32m[1mINFO [0m [35m[HTTP][0m[2m (e493fae0)[0m ← OPTIONS /api/v1/announcements/unread-count 204 2ms[2m {"method":"OPTIONS","path":"/api/v1/announcements/unread-count","status":204,"durationMs":2}[0m
[32m[wrangler:info][39m [0m[1mOPTIONS[22m /api/v1/announcements/unread-count [32m[1m204[22m No Content [39m[90m(5ms)[39m[0m
[2m12:29:42.596[0m [36m[1mDEBUG[0m [35m[HTTP][0m[2m (f0c621cb)[0m → GET /api/v1/announcements/unread-count[2m {"method":"GET","path":"/api/v1/announcements/unread-count","userAgent":"Mozilla/5.0 (Windows NT 10.0; Win64; x64) AppleWebKit/537.36 (KHTML, like Gecko) Chrome/153.0.8010.1"}[0m
[2m12:29:42.613[0m [32m[1mINFO [0m [35m[HTTP][0m[2m (f0c621cb)[0m ← GET /api/v1/announcements/unread-count 200 17ms[2m {"method":"GET","path":"/api/v1/announcements/unread-count","status":200,"durationMs":17}[0m
[32m[wrangler:info][39m [0m[1mGET[22m /api/v1/announcements/unread-count [32m[1m200[22m OK [39m[90m(22ms)[39m[0m
[2m12:29:42.635[0m [36m[1mDEBUG[0m [35m[HTTP][0m[2m (03cf25bc)[0m → OPTIONS /api/v1/projects[2m {"method":"OPTIONS","path":"/api/v1/projects","userAgent":"Mozilla/5.0 (Windows NT 10.0; Win64; x64) AppleWebKit/537.36 (KHTML, like Gecko) Chrome/153.0.8010.1"}[0m
[2m12:29:42.636[0m [32m[1mINFO [0m [35m[HTTP][0m[2m (03cf25bc)[0m ← OPTIONS /api/v1/projects 204 1ms[2m {"method":"OPTIONS","path":"/api/v1/projects","status":204,"durationMs":1}[0m
[32m[wrangler:info][39m [0m[1mOPTIONS[22m /api/v1/projects [32m[1m204[22m No Content [39m[90m(3ms)[39m[0m
[2m12:29:42.646[0m [36m[1mDEBUG[0m [35m[HTTP][0m[2m (c3568843)[0m → GET /api/v1/projects[2m {"method":"GET","path":"/api/v1/projects","userAgent":"Mozilla/5.0 (Windows NT 10.0; Win64; x64) AppleWebKit/537.36 (KHTML, like Gecko) Chrome/153.0.8010.1"}[0m
[2m12:29:42.660[0m [32m[1mINFO [0m [35m[HTTP][0m[2m (c3568843)[0m ← GET /api/v1/projects 200 15ms[2m {"method":"GET","path":"/api/v1/projects","status":200,"durationMs":15}[0m
[32m[wrangler:info][39m [0m[1mGET[22m /api/v1/projects [32m[1m200[22m OK [39m[90m(23ms)[39m[0m
[2m12:29:42.681[0m [36m[1mDEBUG[0m [35m[HTTP][0m[2m (a21338b6)[0m → OPTIONS /api/v1/collaboration/invitations[2m {"method":"OPTIONS","path":"/api/v1/collaboration/invitations","userAgent":"Mozilla/5.0 (Windows NT 10.0; Win64; x64) AppleWebKit/537.36 (KHTML, like Gecko) Chrome/153.0.8010.1"}[0m
[2m12:29:42.682[0m [32m[1mINFO [0m [35m[HTTP][0m[2m (a21338b6)[0m ← OPTIONS /api/v1/collaboration/invitations 204 1ms[2m {"method":"OPTIONS","path":"/api/v1/collaboration/invitations","status":204,"durationMs":1}[0m
[2m12:29:42.682[0m [36m[1mDEBUG[0m [35m[HTTP][0m[2m (bedd679f)[0m → OPTIONS /api/v1/collaboration/collaborated[2m {"method":"OPTIONS","path":"/api/v1/collaboration/collaborated","userAgent":"Mozilla/5.0 (Windows NT 10.0; Win64; x64) AppleWebKit/537.36 (KHTML, like Gecko) Chrome/153.0.8010.1"}[0m
[2m12:29:42.683[0m [32m[1mINFO [0m [35m[HTTP][0m[2m (bedd679f)[0m ← OPTIONS /api/v1/collaboration/collaborated 204 1ms[2m {"method":"OPTIONS","path":"/api/v1/collaboration/collaborated","status":204,"durationMs":1}[0m
[32m[wrangler:info][39m [0m[1mOPTIONS[22m /api/v1/collaboration/invitations [32m[1m204[22m No Content [39m[90m(12ms)[39m[0m
[32m[wrangler:info][39m [0m[1mOPTIONS[22m /api/v1/collaboration/collaborated [32m[1m204[22m No Content [39m[90m(12ms)[39m[0m
[2m12:29:42.691[0m [36m[1mDEBUG[0m [35m[HTTP][0m[2m (0d8c02d6)[0m → GET /api/v1/collaboration/invitations[2m {"method":"GET","path":"/api/v1/collaboration/invitations","userAgent":"Mozilla/5.0 (Windows NT 10.0; Win64; x64) AppleWebKit/537.36 (KHTML, like Gecko) Chrome/153.0.8010.1"}[0m
[2m12:29:42.693[0m [36m[1mDEBUG[0m [35m[HTTP][0m[2m (2074df5a)[0m → GET /api/v1/collaboration/collaborated[2m {"method":"GET","path":"/api/v1/collaboration/collaborated","userAgent":"Mozilla/5.0 (Windows NT 10.0; Win64; x64) AppleWebKit/537.36 (KHTML, like Gecko) Chrome/153.0.8010.1"}[0m
[2m12:29:42.705[0m [32m[1mINFO [0m [35m[HTTP][0m[2m (0d8c02d6)[0m ← GET /api/v1/collaboration/invitations 200 14ms[2m {"method":"GET","path":"/api/v1/collaboration/invitations","status":200,"durationMs":14}[0m
[2m12:29:42.706[0m [32m[1mINFO [0m [35m[HTTP][0m[2m (2074df5a)[0m ← GET /api/v1/collaboration/collaborated 200 13ms[2m {"method":"GET","path":"/api/v1/collaboration/collaborated","status":200,"durationMs":13}[0m
[32m[wrangler:info][39m [0m[1mGET[22m /api/v1/collaboration/invitations [32m[1m200[22m OK [39m[90m(19ms)[39m[0m
[32m[wrangler:info][39m [0m[1mGET[22m /api/v1/collaboration/collaborated [32m[1m200[22m OK [39m[90m(19ms)[39m[0m
[2m12:29:42.734[0m [36m[1mDEBUG[0m [35m[HTTP][0m[2m (50a5d29e)[0m → GET /api/v1/users/me[2m {"method":"GET","path":"/api/v1/users/me","userAgent":"Mozilla/5.0 (Windows NT 10.0; Win64; x64) AppleWebKit/537.36 (KHTML, like Gecko) Chrome/153.0.8010.1"}[0m
[2m12:29:42.737[0m [32m[1mINFO [0m [35m[HTTP][0m[2m (50a5d29e)[0m ← GET /api/v1/users/me 200 3ms[2m {"method":"GET","path":"/api/v1/users/me","status":200,"durationMs":3}[0m
[32m[wrangler:info][39m [0m[1mGET[22m /api/v1/users/me [32m[1m200[22m OK [39m[90m(4ms)[39m[0m
[2m12:29:43.012[0m [36m[1mDEBUG[0m [35m[HTTP][0m[2m (369c0031)[0m → GET /api/v1/appearance/config[2m {"method":"GET","path":"/api/v1/appearance/config","userAgent":"Mozilla/5.0 (Windows NT 10.0; Win64; x64) AppleWebKit/537.36 (KHTML, like Gecko) Chrome/153.0.8010.1"}[0m
[2m12:29:43.018[0m [32m[1mINFO [0m [35m[HTTP][0m[2m (369c0031)[0m ← GET /api/v1/appearance/config 200 6ms[2m {"method":"GET","path":"/api/v1/appearance/config","status":200,"durationMs":6}[0m
[32m[wrangler:info][39m [0m[1mGET[22m /api/v1/appearance/config [32m[1m200[22m OK [39m[90m(10ms)[39m[0m
[2m12:29:43.067[0m [36m[1mDEBUG[0m [35m[HTTP][0m[2m (69946876)[0m → GET /api/v1/users/me[2m {"method":"GET","path":"/api/v1/users/me","userAgent":"Mozilla/5.0 (Windows NT 10.0; Win64; x64) AppleWebKit/537.36 (KHTML, like Gecko) Chrome/153.0.8010.1"}[0m
[2m12:29:43.073[0m [32m[1mINFO [0m [35m[HTTP][0m[2m (69946876)[0m ← GET /api/v1/users/me 200 6ms[2m {"method":"GET","path":"/api/v1/users/me","status":200,"durationMs":6}[0m
[2m12:29:43.074[0m [36m[1mDEBUG[0m [35m[HTTP][0m[2m (4873a547)[0m → GET /api/v1/config/features[2m {"method":"GET","path":"/api/v1/config/features","userAgent":"Mozilla/5.0 (Windows NT 10.0; Win64; x64) AppleWebKit/537.36 (KHTML, like Gecko) Chrome/153.0.8010.1"}[0m
[32m[wrangler:info][39m [0m[1mGET[22m /api/v1/users/me [32m[1m200[22m OK [39m[90m(11ms)[39m[0m
[2m12:29:43.077[0m [36m[1mDEBUG[0m [35m[HTTP][0m[2m (c77509aa)[0m → GET /api/v1/appearance/preference[2m {"method":"GET","path":"/api/v1/appearance/preference","userAgent":"Mozilla/5.0 (Windows NT 10.0; Win64; x64) AppleWebKit/537.36 (KHTML, like Gecko) Chrome/153.0.8010.1"}[0m
[2m12:29:43.098[0m [32m[1mINFO [0m [35m[HTTP][0m[2m (4873a547)[0m ← GET /api/v1/config/features 200 24ms[2m {"method":"GET","path":"/api/v1/config/features","status":200,"durationMs":24}[0m
[2m12:29:43.098[0m [32m[1mINFO [0m [35m[HTTP][0m[2m (c77509aa)[0m ← GET /api/v1/appearance/preference 200 21ms[2m {"method":"GET","path":"/api/v1/appearance/preference","status":200,"durationMs":21}[0m
[32m[wrangler:info][39m [0m[1mGET[22m /api/v1/config/features [32m[1m200[22m OK [39m[90m(32ms)[39m[0m
[32m[wrangler:info][39m [0m[1mGET[22m /api/v1/appearance/preference [32m[1m200[22m OK [39m[90m(32ms)[39m[0m
[2m12:29:43.099[0m [36m[1mDEBUG[0m [35m[HTTP][0m[2m (9d242739)[0m → GET /api/v1/users/me[2m {"method":"GET","path":"/api/v1/users/me","userAgent":"Mozilla/5.0 (Windows NT 10.0; Win64; x64) AppleWebKit/537.36 (KHTML, like Gecko) Chrome/153.0.8010.1"}[0m
[32m[wrangler:info][39m [0m[1mGET[22m /api/v1/health [32m[1m200[22m OK [39m[90m(8ms)[39m[0m
[2m12:29:43.104[0m [32m[1mINFO [0m [35m[HTTP][0m[2m (9d242739)[0m ← GET /api/v1/users/me 200 5ms[2m {"method":"GET","path":"/api/v1/users/me","status":200,"durationMs":5}[0m
[32m[wrangler:info][39m [0m[1mGET[22m /api/v1/users/me [32m[1m200[22m OK [39m[90m(14ms)[39m[0m
[2m12:29:43.296[0m [36m[1mDEBUG[0m [35m[HTTP][0m[2m (3fa6c951)[0m → GET /api/v1/projects[2m {"method":"GET","path":"/api/v1/projects","userAgent":"Mozilla/5.0 (Windows NT 10.0; Win64; x64) AppleWebKit/537.36 (KHTML, like Gecko) Chrome/153.0.8010.1"}[0m
[2m12:29:43.298[0m [32m[1mINFO [0m [35m[HTTP][0m[2m (3fa6c951)[0m ← GET /api/v1/projects 200 2ms[2m {"method":"GET","path":"/api/v1/projects","status":200,"durationMs":2}[0m
[32m[wrangler:info][39m [0m[1mGET[22m /api/v1/projects [32m[1m200[22m OK [39m[90m(4ms)[39m[0m
[2m12:29:43.312[0m [36m[1mDEBUG[0m [35m[HTTP][0m[2m (518a387c)[0m → DELETE /api/v1/users/me[2m {"method":"DELETE","path":"/api/v1/users/me","userAgent":"Mozilla/5.0 (Windows NT 10.0; Win64; x64) AppleWebKit/537.36 (KHTML, like Gecko) Chrome/153.0.8010.1","requestSize":"56 B"}[0m
[2m12:29:43.317[0m [32m[1mINFO [0m [35m[AccountDeletion][0m[2m (518a387c)[0m Account deleted[2m {"userId":"3790fa44-47fa-4df3-9450-56b25f2e13ec"}[0m
[2m12:29:43.318[0m [32m[1mINFO [0m [35m[HTTP][0m[2m (518a387c)[0m ← DELETE /api/v1/users/me 200 6ms[2m {"method":"DELETE","path":"/api/v1/users/me","status":200,"durationMs":6}[0m
[32m[wrangler:info][39m [0m[1mDELETE[22m /api/v1/users/me [32m[1m200[22m OK [39m[90m(7ms)[39m[0m
[2m12:29:43.528[0m [36m[1mDEBUG[0m [35m[HTTP][0m[2m (5228858e)[0m → GET /api/v1/appearance/config[2m {"method":"GET","path":"/api/v1/appearance/config","userAgent":"Mozilla/5.0 (Windows NT 10.0; Win64; x64) AppleWebKit/537.36 (KHTML, like Gecko) Chrome/153.0.8010.1"}[0m
[2m12:29:43.533[0m [32m[1mINFO [0m [35m[HTTP][0m[2m (5228858e)[0m ← GET /api/v1/appearance/config 200 5ms[2m {"method":"GET","path":"/api/v1/appearance/config","status":200,"durationMs":5}[0m
[32m[wrangler:info][39m [0m[1mGET[22m /api/v1/appearance/config [32m[1m200[22m OK [39m[90m(12ms)[39m[0m
[2m12:29:43.545[0m [36m[1mDEBUG[0m [35m[HTTP][0m[2m (b29c39cc)[0m → GET /api/v1/users/me[2m {"method":"GET","path":"/api/v1/users/me","userAgent":"Mozilla/5.0 (Windows NT 10.0; Win64; x64) AppleWebKit/537.36 (KHTML, like Gecko) Chrome/153.0.8010.1"}[0m
[33m▲ [43;33m[[43;30mWARNING[43;33m][0m [1m[2m12:29:43.546[0m [33m[1mWARN [0m [35m[HTTP][0m[2m (b29c39cc)[0m ← GET /api/v1/users/me 401 1ms[2m {"method":"GET","path":"/api/v1/users/me","status":401,"durationMs":1}[0m[0m


[32m[wrangler:info][39m [0m[1mGET[22m /api/v1/users/me [33m[1m401[22m Unauthorized [39m[90m(3ms)[39m[0m
[2m12:29:43.565[0m [36m[1mDEBUG[0m [35m[HTTP][0m[2m (40618474)[0m → GET /api/v1/users/me[2m {"method":"GET","path":"/api/v1/users/me","userAgent":"Mozilla/5.0 (Windows NT 10.0; Win64; x64) AppleWebKit/537.36 (KHTML, like Gecko) Chrome/153.0.8010.1"}[0m
[33m▲ [43;33m[[43;30mWARNING[43;33m][0m [1m[2m12:29:43.571[0m [33m[1mWARN [0m [35m[HTTP][0m[2m (40618474)[0m ← GET /api/v1/users/me 401 6ms[2m {"method":"GET","path":"/api/v1/users/me","status":401,"durationMs":6}[0m[0m


[2m12:29:43.572[0m [36m[1mDEBUG[0m [35m[HTTP][0m[2m (e11c6b1a)[0m → GET /api/v1/config/features[2m {"method":"GET","path":"/api/v1/config/features","userAgent":"Mozilla/5.0 (Windows NT 10.0; Win64; x64) AppleWebKit/537.36 (KHTML, like Gecko) Chrome/153.0.8010.1"}[0m
[32m[wrangler:info][39m [0m[1mGET[22m /api/v1/users/me [33m[1m401[22m Unauthorized [39m[90m(13ms)[39m[0m
[2m12:29:43.587[0m [32m[1mINFO [0m [35m[HTTP][0m[2m (e11c6b1a)[0m ← GET /api/v1/config/features 200 15ms[2m {"method":"GET","path":"/api/v1/config/features","status":200,"durationMs":15}[0m
[2m12:29:43.588[0m [36m[1mDEBUG[0m [35m[HTTP][0m[2m (00bdd4dc)[0m → GET /api/v1/users/me[2m {"method":"GET","path":"/api/v1/users/me","userAgent":"Mozilla/5.0 (Windows NT 10.0; Win64; x64) AppleWebKit/537.36 (KHTML, like Gecko) Chrome/153.0.8010.1"}[0m
[2m12:29:43.589[0m [32m[1mINFO [0m [35m[HTTP][0m[2m (00bdd4dc)[0m ← GET /api/v1/users/me 200 1ms[2m {"method":"GET","path":"/api/v1/users/me","status":200,"durationMs":1}[0m
[32m[wrangler:info][39m [0m[1mGET[22m /api/v1/config/features [32m[1m200[22m OK [39m[90m(26ms)[39m[0m
[32m[wrangler:info][39m [0m[1mGET[22m /api/v1/users/me [32m[1m200[22m OK [39m[90m(10ms)[39m[0m
[32m[wrangler:info][39m [0m[1mGET[22m /api/v1/health [32m[1m200[22m OK [39m[90m(4ms)[39m[0m
[2m12:29:43.729[0m [36m[1mDEBUG[0m [35m[HTTP][0m[2m (9def7545)[0m → GET /api/v1/users/me[2m {"method":"GET","path":"/api/v1/users/me","userAgent":"Mozilla/5.0 (Windows NT 10.0; Win64; x64) AppleWebKit/537.36 (KHTML, like Gecko) Chrome/153.0.8010.1"}[0m
[2m12:29:43.729[0m [32m[1mINFO [0m [35m[HTTP][0m[2m (9def7545)[0m ← GET /api/v1/users/me 200 0ms[2m {"method":"GET","path":"/api/v1/users/me","status":200,"durationMs":0}[0m
[32m[wrangler:info][39m [0m[1mGET[22m /api/v1/users/me [32m[1m200[22m OK [39m[90m(2ms)[39m[0m
[2m12:29:43.790[0m [36m[1mDEBUG[0m [35m[HTTP][0m[2m (9d71a5aa)[0m → POST /api/v1/auth/register[2m {"method":"POST","path":"/api/v1/auth/register","userAgent":"Mozilla/5.0 (Windows NT 10.0; Win64; x64) AppleWebKit/537.36 (KHTML, like Gecko) Chrome/153.0.8010.1","requestSize":"79 B"}[0m
[2m12:29:43.870[0m [32m[1mINFO [0m [35m[Email][0m[2m (9d71a5aa)[0m Email sending skipped — no valid recipient address[2m {"to":"testuser-test-1790425783787-8lsdj9@local"}[0m
[2m12:29:43.870[0m [32m[1mINFO [0m [35m[HTTP][0m[2m (9d71a5aa)[0m ← POST /api/v1/auth/register 200 80ms[2m {"method":"POST","path":"/api/v1/auth/register","status":200,"durationMs":80}[0m
[32m[wrangler:info][39m [0m[1mPOST[22m /api/v1/auth/register [32m[1m200[22m OK [39m[90m(82ms)[39m[0m
[2m12:29:44.165[0m [36m[1mDEBUG[0m [35m[HTTP][0m[2m (b8ec454f)[0m → OPTIONS /api/v1/appearance/config[2m {"method":"OPTIONS","path":"/api/v1/appearance/config","userAgent":"Mozilla/5.0 (Windows NT 10.0; Win64; x64) AppleWebKit/537.36 (KHTML, like Gecko) Chrome/153.0.8010.1"}[0m
[2m12:29:44.166[0m [32m[1mINFO [0m [35m[HTTP][0m[2m (b8ec454f)[0m ← OPTIONS /api/v1/appearance/config 204 1ms[2m {"method":"OPTIONS","path":"/api/v1/appearance/config","status":204,"durationMs":1}[0m
[32m[wrangler:info][39m [0m[1mOPTIONS[22m /api/v1/appearance/config [32m[1m204[22m No Content [39m[90m(2ms)[39m[0m
[2m12:29:44.168[0m [36m[1mDEBUG[0m [35m[HTTP][0m[2m (ac5ca524)[0m → GET /api/v1/appearance/config[2m {"method":"GET","path":"/api/v1/appearance/config","userAgent":"Mozilla/5.0 (Windows NT 10.0; Win64; x64) AppleWebKit/537.36 (KHTML, like Gecko) Chrome/153.0.8010.1"}[0m
[2m12:29:44.177[0m [32m[1mINFO [0m [35m[HTTP][0m[2m (ac5ca524)[0m ← GET /api/v1/appearance/config 200 9ms[2m {"method":"GET","path":"/api/v1/appearance/config","status":200,"durationMs":9}[0m
[32m[wrangler:info][39m [0m[1mGET[22m /api/v1/appearance/config [32m[1m200[22m OK [39m[90m(12ms)[39m[0m
[2m12:29:44.237[0m [36m[1mDEBUG[0m [35m[HTTP][0m[2m (3c6e61e5)[0m → OPTIONS /api/v1/users/me[2m {"method":"OPTIONS","path":"/api/v1/users/me","userAgent":"Mozilla/5.0 (Windows NT 10.0; Win64; x64) AppleWebKit/537.36 (KHTML, like Gecko) Chrome/153.0.8010.1"}[0m
[2m12:29:44.237[0m [32m[1mINFO [0m [35m[HTTP][0m[2m (3c6e61e5)[0m ← OPTIONS /api/v1/users/me 204 0ms[2m {"method":"OPTIONS","path":"/api/v1/users/me","status":204,"durationMs":0}[0m
[32m[wrangler:info][39m [0m[1mOPTIONS[22m /api/v1/users/me [32m[1m204[22m No Content [39m[90m(4ms)[39m[0m
[2m12:29:44.248[0m [36m[1mDEBUG[0m [35m[HTTP][0m[2m (95136667)[0m → GET /api/v1/users/me[2m {"method":"GET","path":"/api/v1/users/me","userAgent":"Mozilla/5.0 (Windows NT 10.0; Win64; x64) AppleWebKit/537.36 (KHTML, like Gecko) Chrome/153.0.8010.1"}[0m
[2m12:29:44.262[0m [32m[1mINFO [0m [35m[HTTP][0m[2m (95136667)[0m ← GET /api/v1/users/me 200 14ms[2m {"method":"GET","path":"/api/v1/users/me","status":200,"durationMs":14}[0m
[32m[wrangler:info][39m [0m[1mGET[22m /api/v1/users/me [32m[1m200[22m OK [39m[90m(24ms)[39m[0m
[32m[wrangler:info][39m [0m[1mGET[22m /api/v1/health [32m[1m200[22m OK [39m[90m(3ms)[39m[0m
[2m12:29:44.274[0m [36m[1mDEBUG[0m [35m[HTTP][0m[2m (7f544b0e)[0m → OPTIONS /api/v1/config/features[2m {"method":"OPTIONS","path":"/api/v1/config/features","userAgent":"Mozilla/5.0 (Windows NT 10.0; Win64; x64) AppleWebKit/537.36 (KHTML, like Gecko) Chrome/153.0.8010.1"}[0m
[2m12:29:44.275[0m [32m[1mINFO [0m [35m[HTTP][0m[2m (7f544b0e)[0m ← OPTIONS /api/v1/config/features 204 1ms[2m {"method":"OPTIONS","path":"/api/v1/config/features","status":204,"durationMs":1}[0m
[2m12:29:44.275[0m [36m[1mDEBUG[0m [35m[HTTP][0m[2m (a0dbe8fb)[0m → OPTIONS /api/v1/appearance/preference[2m {"method":"OPTIONS","path":"/api/v1/appearance/preference","userAgent":"Mozilla/5.0 (Windows NT 10.0; Win64; x64) AppleWebKit/537.36 (KHTML, like Gecko) Chrome/153.0.8010.1"}[0m
[2m12:29:44.275[0m [32m[1mINFO [0m [35m[HTTP][0m[2m (a0dbe8fb)[0m ← OPTIONS /api/v1/appearance/preference 204 0ms[2m {"method":"OPTIONS","path":"/api/v1/appearance/preference","status":204,"durationMs":0}[0m
[32m[wrangler:info][39m [0m[1mOPTIONS[22m /api/v1/config/features [32m[1m204[22m No Content [39m[90m(10ms)[39m[0m
[32m[wrangler:info][39m [0m[1mOPTIONS[22m /api/v1/appearance/preference [32m[1m204[22m No Content [39m[90m(10ms)[39m[0m
[2m12:29:44.282[0m [36m[1mDEBUG[0m [35m[HTTP][0m[2m (89b76909)[0m → GET /api/v1/config/features[2m {"method":"GET","path":"/api/v1/config/features","userAgent":"Mozilla/5.0 (Windows NT 10.0; Win64; x64) AppleWebKit/537.36 (KHTML, like Gecko) Chrome/153.0.8010.1"}[0m
[2m12:29:44.290[0m [32m[1mINFO [0m [35m[HTTP][0m[2m (89b76909)[0m ← GET /api/v1/config/features 200 8ms[2m {"method":"GET","path":"/api/v1/config/features","status":200,"durationMs":8}[0m
[32m[wrangler:info][39m [0m[1mGET[22m /api/v1/config/features [32m[1m200[22m OK [39m[90m(11ms)[39m[0m
[2m12:29:44.294[0m [36m[1mDEBUG[0m [35m[HTTP][0m[2m (db8995b5)[0m → GET /api/v1/appearance/preference[2m {"method":"GET","path":"/api/v1/appearance/preference","userAgent":"Mozilla/5.0 (Windows NT 10.0; Win64; x64) AppleWebKit/537.36 (KHTML, like Gecko) Chrome/153.0.8010.1"}[0m
[2m12:29:44.298[0m [32m[1mINFO [0m [35m[HTTP][0m[2m (db8995b5)[0m ← GET /api/v1/appearance/preference 200 4ms[2m {"method":"GET","path":"/api/v1/appearance/preference","status":200,"durationMs":4}[0m
[32m[wrangler:info][39m [0m[1mGET[22m /api/v1/appearance/preference [32m[1m200[22m OK [39m[90m(18ms)[39m[0m
[2m12:29:44.418[0m [36m[1mDEBUG[0m [35m[HTTP][0m[2m (4382e37e)[0m → GET /api/v1/users/me[2m {"method":"GET","path":"/api/v1/users/me","userAgent":"Mozilla/5.0 (Windows NT 10.0; Win64; x64) AppleWebKit/537.36 (KHTML, like Gecko) Chrome/153.0.8010.1"}[0m
[2m12:29:44.421[0m [32m[1mINFO [0m [35m[HTTP][0m[2m (4382e37e)[0m ← GET /api/v1/users/me 200 3ms[2m {"method":"GET","path":"/api/v1/users/me","status":200,"durationMs":3}[0m
[32m[wrangler:info][39m [0m[1mGET[22m /api/v1/users/me [32m[1m200[22m OK [39m[90m(6ms)[39m[0m
[2m12:29:44.437[0m [36m[1mDEBUG[0m [35m[HTTP][0m[2m (53689d2c)[0m → OPTIONS /api/v1/announcements/unread-count[2m {"method":"OPTIONS","path":"/api/v1/announcements/unread-count","userAgent":"Mozilla/5.0 (Windows NT 10.0; Win64; x64) AppleWebKit/537.36 (KHTML, like Gecko) Chrome/153.0.8010.1"}[0m
[2m12:29:44.438[0m [32m[1mINFO [0m [35m[HTTP][0m[2m (53689d2c)[0m ← OPTIONS /api/v1/announcements/unread-count 204 1ms[2m {"method":"OPTIONS","path":"/api/v1/announcements/unread-count","status":204,"durationMs":1}[0m
[32m[wrangler:info][39m [0m[1mOPTIONS[22m /api/v1/announcements/unread-count [32m[1m204[22m No Content [39m[90m(4ms)[39m[0m
[2m12:29:44.444[0m [36m[1mDEBUG[0m [35m[HTTP][0m[2m (a4e5db1f)[0m → GET /api/v1/announcements/unread-count[2m {"method":"GET","path":"/api/v1/announcements/unread-count","userAgent":"Mozilla/5.0 (Windows NT 10.0; Win64; x64) AppleWebKit/537.36 (KHTML, like Gecko) Chrome/153.0.8010.1"}[0m
[2m12:29:44.457[0m [32m[1mINFO [0m [35m[HTTP][0m[2m (a4e5db1f)[0m ← GET /api/v1/announcements/unread-count 200 13ms[2m {"method":"GET","path":"/api/v1/announcements/unread-count","status":200,"durationMs":13}[0m
[32m[wrangler:info][39m [0m[1mGET[22m /api/v1/announcements/unread-count [32m[1m200[22m OK [39m[90m(15ms)[39m[0m
[2m12:29:44.474[0m [36m[1mDEBUG[0m [35m[HTTP][0m[2m (23f274a8)[0m → OPTIONS /api/v1/projects[2m {"method":"OPTIONS","path":"/api/v1/projects","userAgent":"Mozilla/5.0 (Windows NT 10.0; Win64; x64) AppleWebKit/537.36 (KHTML, like Gecko) Chrome/153.0.8010.1"}[0m
[2m12:29:44.474[0m [32m[1mINFO [0m [35m[HTTP][0m[2m (23f274a8)[0m ← OPTIONS /api/v1/projects 204 0ms[2m {"method":"OPTIONS","path":"/api/v1/projects","status":204,"durationMs":0}[0m
[32m[wrangler:info][39m [0m[1mOPTIONS[22m /api/v1/projects [32m[1m204[22m No Content [39m[90m(4ms)[39m[0m
[2m12:29:44.478[0m [36m[1mDEBUG[0m [35m[HTTP][0m[2m (e6f30638)[0m → GET /api/v1/projects[2m {"method":"GET","path":"/api/v1/projects","userAgent":"Mozilla/5.0 (Windows NT 10.0; Win64; x64) AppleWebKit/537.36 (KHTML, like Gecko) Chrome/153.0.8010.1"}[0m
[2m12:29:44.491[0m [32m[1mINFO [0m [35m[HTTP][0m[2m (e6f30638)[0m ← GET /api/v1/projects 200 13ms[2m {"method":"GET","path":"/api/v1/projects","status":200,"durationMs":13}[0m
[32m[wrangler:info][39m [0m[1mGET[22m /api/v1/projects [32m[1m200[22m OK [39m[90m(20ms)[39m[0m
[2m12:29:44.522[0m [36m[1mDEBUG[0m [35m[HTTP][0m[2m (cb9965bf)[0m → OPTIONS /api/v1/collaboration/invitations[2m {"method":"OPTIONS","path":"/api/v1/collaboration/invitations","userAgent":"Mozilla/5.0 (Windows NT 10.0; Win64; x64) AppleWebKit/537.36 (KHTML, like Gecko) Chrome/153.0.8010.1"}[0m
[2m12:29:44.523[0m [32m[1mINFO [0m [35m[HTTP][0m[2m (cb9965bf)[0m ← OPTIONS /api/v1/collaboration/invitations 204 1ms[2m {"method":"OPTIONS","path":"/api/v1/collaboration/invitations","status":204,"durationMs":1}[0m
[2m12:29:44.524[0m [36m[1mDEBUG[0m [35m[HTTP][0m[2m (1e197ff8)[0m → OPTIONS /api/v1/collaboration/collaborated[2m {"method":"OPTIONS","path":"/api/v1/collaboration/collaborated","userAgent":"Mozilla/5.0 (Windows NT 10.0; Win64; x64) AppleWebKit/537.36 (KHTML, like Gecko) Chrome/153.0.8010.1"}[0m
[2m12:29:44.524[0m [32m[1mINFO [0m [35m[HTTP][0m[2m (1e197ff8)[0m ← OPTIONS /api/v1/collaboration/collaborated 204 0ms[2m {"method":"OPTIONS","path":"/api/v1/collaboration/collaborated","status":204,"durationMs":0}[0m
[32m[wrangler:info][39m [0m[1mOPTIONS[22m /api/v1/collaboration/invitations [32m[1m204[22m No Content [39m[90m(6ms)[39m[0m
[32m[wrangler:info][39m [0m[1mOPTIONS[22m /api/v1/collaboration/collaborated [32m[1m204[22m No Content [39m[90m(6ms)[39m[0m
[2m12:29:44.529[0m [36m[1mDEBUG[0m [35m[HTTP][0m[2m (ed706dce)[0m → GET /api/v1/collaboration/invitations[2m {"method":"GET","path":"/api/v1/collaboration/invitations","userAgent":"Mozilla/5.0 (Windows NT 10.0; Win64; x64) AppleWebKit/537.36 (KHTML, like Gecko) Chrome/153.0.8010.1"}[0m
[2m12:29:44.531[0m [32m[1mINFO [0m [35m[HTTP][0m[2m (ed706dce)[0m ← GET /api/v1/collaboration/invitations 200 2ms[2m {"method":"GET","path":"/api/v1/collaboration/invitations","status":200,"durationMs":2}[0m
[32m[wrangler:info][39m [0m[1mGET[22m /api/v1/collaboration/invitations [32m[1m200[22m OK [39m[90m(4ms)[39m[0m
[2m12:29:44.532[0m [36m[1mDEBUG[0m [35m[HTTP][0m[2m (297f7458)[0m → GET /api/v1/collaboration/collaborated[2m {"method":"GET","path":"/api/v1/collaboration/collaborated","userAgent":"Mozilla/5.0 (Windows NT 10.0; Win64; x64) AppleWebKit/537.36 (KHTML, like Gecko) Chrome/153.0.8010.1"}[0m
[2m12:29:44.534[0m [32m[1mINFO [0m [35m[HTTP][0m[2m (297f7458)[0m ← GET /api/v1/collaboration/collaborated 200 2ms[2m {"method":"GET","path":"/api/v1/collaboration/collaborated","status":200,"durationMs":2}[0m
[32m[wrangler:info][39m [0m[1mGET[22m /api/v1/collaboration/collaborated [32m[1m200[22m OK [39m[90m(6ms)[39m[0m
[2m12:29:44.566[0m [36m[1mDEBUG[0m [35m[HTTP][0m[2m (e48a558a)[0m → GET /api/v1/users/me[2m {"method":"GET","path":"/api/v1/users/me","userAgent":"Mozilla/5.0 (Windows NT 10.0; Win64; x64) AppleWebKit/537.36 (KHTML, like Gecko) Chrome/153.0.8010.1"}[0m
[2m12:29:44.569[0m [32m[1mINFO [0m [35m[HTTP][0m[2m (e48a558a)[0m ← GET /api/v1/users/me 200 3ms[2m {"method":"GET","path":"/api/v1/users/me","status":200,"durationMs":3}[0m
[32m[wrangler:info][39m [0m[1mGET[22m /api/v1/users/me [32m[1m200[22m OK [39m[90m(4ms)[39m[0m
[2m12:29:44.807[0m [36m[1mDEBUG[0m [35m[HTTP][0m[2m (44e89335)[0m → GET /api/v1/appearance/config[2m {"method":"GET","path":"/api/v1/appearance/config","userAgent":"Mozilla/5.0 (Windows NT 10.0; Win64; x64) AppleWebKit/537.36 (KHTML, like Gecko) Chrome/153.0.8010.1"}[0m
[2m12:29:44.812[0m [32m[1mINFO [0m [35m[HTTP][0m[2m (44e89335)[0m ← GET /api/v1/appearance/config 200 5ms[2m {"method":"GET","path":"/api/v1/appearance/config","status":200,"durationMs":5}[0m
[32m[wrangler:info][39m [0m[1mGET[22m /api/v1/appearance/config [32m[1m200[22m OK [39m[90m(8ms)[39m[0m
[2m12:29:44.882[0m [36m[1mDEBUG[0m [35m[HTTP][0m[2m (0182b23a)[0m → GET /api/v1/users/me[2m {"method":"GET","path":"/api/v1/users/me","userAgent":"Mozilla/5.0 (Windows NT 10.0; Win64; x64) AppleWebKit/537.36 (KHTML, like Gecko) Chrome/153.0.8010.1"}[0m
[2m12:29:44.884[0m [32m[1mINFO [0m [35m[HTTP][0m[2m (0182b23a)[0m ← GET /api/v1/users/me 200 2ms[2m {"method":"GET","path":"/api/v1/users/me","status":200,"durationMs":2}[0m
[32m[wrangler:info][39m [0m[1mGET[22m /api/v1/users/me [32m[1m200[22m OK [39m[90m(4ms)[39m[0m
[2m12:29:44.885[0m [36m[1mDEBUG[0m [35m[HTTP][0m[2m (a516c819)[0m → GET /api/v1/config/features[2m {"method":"GET","path":"/api/v1/config/features","userAgent":"Mozilla/5.0 (Windows NT 10.0; Win64; x64) AppleWebKit/537.36 (KHTML, like Gecko) Chrome/153.0.8010.1"}[0m
[2m12:29:44.888[0m [36m[1mDEBUG[0m [35m[HTTP][0m[2m (716eb306)[0m → GET /api/v1/appearance/preference[2m {"method":"GET","path":"/api/v1/appearance/preference","userAgent":"Mozilla/5.0 (Windows NT 10.0; Win64; x64) AppleWebKit/537.36 (KHTML, like Gecko) Chrome/153.0.8010.1"}[0m
[2m12:29:44.894[0m [32m[1mINFO [0m [35m[HTTP][0m[2m (a516c819)[0m ← GET /api/v1/config/features 200 9ms[2m {"method":"GET","path":"/api/v1/config/features","status":200,"durationMs":9}[0m
[2m12:29:44.895[0m [32m[1mINFO [0m [35m[HTTP][0m[2m (716eb306)[0m ← GET /api/v1/appearance/preference 200 7ms[2m {"method":"GET","path":"/api/v1/appearance/preference","status":200,"durationMs":7}[0m
[2m12:29:44.895[0m [36m[1mDEBUG[0m [35m[HTTP][0m[2m (8b2dc927)[0m → GET /api/v1/users/me[2m {"method":"GET","path":"/api/v1/users/me","userAgent":"Mozilla/5.0 (Windows NT 10.0; Win64; x64) AppleWebKit/537.36 (KHTML, like Gecko) Chrome/153.0.8010.1"}[0m
[32m[wrangler:info][39m [0m[1mGET[22m /api/v1/appearance/preference [32m[1m200[22m OK [39m[90m(14ms)[39m[0m
[32m[wrangler:info][39m [0m[1mGET[22m /api/v1/config/features [32m[1m200[22m OK [39m[90m(13ms)[39m[0m
[32m[wrangler:info][39m [0m[1mGET[22m /api/v1/health [32m[1m200[22m OK [39m[90m(9ms)[39m[0m
[2m12:29:44.900[0m [32m[1mINFO [0m [35m[HTTP][0m[2m (8b2dc927)[0m ← GET /api/v1/users/me 200 4ms[2m {"method":"GET","path":"/api/v1/users/me","status":200,"durationMs":4}[0m
[32m[wrangler:info][39m [0m[1mGET[22m /api/v1/users/me [32m[1m200[22m OK [39m[90m(15ms)[39m[0m
[2m12:29:44.930[0m [36m[1mDEBUG[0m [35m[HTTP][0m[2m (50a54aec)[0m → GET /api/v1/announcements/unread-count[2m {"method":"GET","path":"/api/v1/announcements/unread-count","userAgent":"Mozilla/5.0 (Windows NT 10.0; Win64; x64) AppleWebKit/537.36 (KHTML, like Gecko) Chrome/153.0.8010.1"}[0m
[2m12:29:44.937[0m [32m[1mINFO [0m [35m[HTTP][0m[2m (50a54aec)[0m ← GET /api/v1/announcements/unread-count 200 7ms[2m {"method":"GET","path":"/api/v1/announcements/unread-count","status":200,"durationMs":7}[0m
[32m[wrangler:info][39m [0m[1mGET[22m /api/v1/announcements/unread-count [32m[1m200[22m OK [39m[90m(11ms)[39m[0m
[2m12:29:45.155[0m [36m[1mDEBUG[0m [35m[HTTP][0m[2m (da1082b4)[0m → POST /api/v1/projects[2m {"method":"POST","path":"/api/v1/projects","userAgent":"Mozilla/5.0 (Windows NT 10.0; Win64; x64) AppleWebKit/537.36 (KHTML, like Gecko) Chrome/153.0.8010.1","requestSize":"51 B"}[0m
[2m12:29:45.164[0m [32m[1mINFO [0m [35m[HTTP][0m[2m (da1082b4)[0m ← POST /api/v1/projects 201 9ms[2m {"method":"POST","path":"/api/v1/projects","status":201,"durationMs":9}[0m
[32m[wrangler:info][39m [0m[1mPOST[22m /api/v1/projects [32m[1m201[22m Created [39m[90m(11ms)[39m[0m
[2m12:29:45.295[0m [36m[1mDEBUG[0m [35m[HTTP][0m[2m (38d3e906)[0m → GET /api/v1/ws/yjs[2m {"method":"GET","path":"/api/v1/ws/yjs","userAgent":"Mozilla/5.0 (Windows NT 10.0; Win64; x64) AppleWebKit/537.36 (KHTML, like Gecko) Chrome/153.0.8010.1"}[0m
[2m12:29:45.296[0m [36m[1mDEBUG[0m [35m[YjsWorker][0m[2m (38d3e906)[0m Routing WebSocket to project DO: testuser-test-1790425783787-8lsdj9:doomed-muida8zg for document: testuser-test-1790425783787-8lsdj9:doomed-muida8zg:readme-001/
[2m12:29:45.313[0m [36m[1mDEBUG[0m [35m[YjsProjectDO][0m WS connected: testuser-test-1790425783787-8lsdj9:doomed-muida8zg:readme-001, awaiting authentication... (1 total connections, DO: testuser-test-1790425783787-8lsdj9:doomed-muida8zg)
[2m12:29:45.314[0m [32m[1mINFO [0m [35m[HTTP][0m[2m (38d3e906)[0m ← GET /api/v1/ws/yjs 101 19ms[2m {"method":"GET","path":"/api/v1/ws/yjs","status":101,"durationMs":19}[0m
[2m12:29:45.315[0m [36m[1mDEBUG[0m [35m[HTTP][0m[2m (2ae83ca9)[0m → GET /api/v1/users/me[2m {"method":"GET","path":"/api/v1/users/me","userAgent":"Mozilla/5.0 (Windows NT 10.0; Win64; x64) AppleWebKit/537.36 (KHTML, like Gecko) Chrome/153.0.8010.1"}[0m
[32m[wrangler:info][39m [0m[1mGET[22m /api/v1/ws/yjs [34m[1m101[22m Switching Protocols [39m[90m(26ms)[39m[0m
[2m12:29:45.319[0m [32m[1mINFO [0m [35m[HTTP][0m[2m (2ae83ca9)[0m ← GET /api/v1/users/me 200 4ms[2m {"method":"GET","path":"/api/v1/users/me","status":200,"durationMs":4}[0m
[32m[wrangler:info][39m [0m[1mGET[22m /api/v1/users/me [32m[1m200[22m OK [39m[90m(26ms)[39m[0m
[2m12:29:45.325[0m [36m[1mDEBUG[0m [35m[YjsProjectDO][0m getSecret check[2m {"hasDatabaseKey":false,"hasSessionSecret":true,"secretLength":53}[0m
[2m12:29:45.329[0m [32m[1mINFO [0m [35m[YjsProjectDO][0m Collaborator testuser-test-1790425783787-8lsdj9 (null, canWrite: true) accessing testuser-test-1790425783787-8lsdj9/doomed-muida8zg
[2m12:29:45.329[0m [36m[1mDEBUG[0m [35m[YjsProjectDO][0m WS authenticated for testuser-test-1790425783787-8lsdj9:doomed-muida8zg:readme-001 (user: testuser-test-1790425783787-8lsdj9, canWrite: true)
[2m12:29:45.331[0m [36m[1mDEBUG[0m [35m[YjsProjectDO][0m No persisted updates found for testuser-test-1790425783787-8lsdj9:doomed-muida8zg:readme-001 - starting fresh
[2m12:29:45.332[0m [36m[1mDEBUG[0m [35m[YjsProjectDO][0m Created new shared doc for testuser-test-1790425783787-8lsdj9:doomed-muida8zg:readme-001
[2m12:29:45.332[0m [36m[1mDEBUG[0m [35m[YjsProjectDO][0m 📤 Sent sync step 1 for testuser-test-1790425783787-8lsdj9:doomed-muida8zg:readme-001 (4 bytes)
[2m12:29:45.336[0m [36m[1mDEBUG[0m [35m[YjsProjectDO][0m Writing session started 394ed1e5-7ca7-4a9d-9a7f-37af95c72291 for testuser-test-1790425783787-8lsdj9:doomed-muida8zg:readme-001 (start words: 0)
[2m12:29:45.337[0m [36m[1mDEBUG[0m [35m[YjsProjectDO][0m Yjs sync started for testuser-test-1790425783787-8lsdj9:doomed-muida8zg:readme-001 (1 docs in DO)
[2m12:29:45.338[0m [36m[1mDEBUG[0m [35m[YjsProjectDO][0m Compacted document testuser-test-1790425783787-8lsdj9:doomed-muida8zg:readme-001: 1/1 update rows merged into snapshot
[2m12:29:45.346[0m [36m[1mDEBUG[0m [35m[YjsProjectDO][0m Writing session finalized 394ed1e5-7ca7-4a9d-9a7f-37af95c72291 for testuser-test-1790425783787-8lsdj9:doomed-muida8zg:readme-001 (end words: 185, delta: 185)
[2m12:29:45.346[0m [36m[1mDEBUG[0m [35m[YjsProjectDO][0m No persisted updates found for testuser-test-1790425783787-8lsdj9:doomed-muida8zg:elements/ - starting fresh
[2m12:29:45.346[0m [36m[1mDEBUG[0m [35m[YjsProjectDO][0m Created new shared doc for testuser-test-1790425783787-8lsdj9:doomed-muida8zg:elements/
[2m12:29:45.553[0m [36m[1mDEBUG[0m [35m[HTTP][0m[2m (b2c7ee33)[0m → GET /api/v1/announcements/unread-count[2m {"method":"GET","path":"/api/v1/announcements/unread-count","userAgent":"Mozilla/5.0 (Windows NT 10.0; Win64; x64) AppleWebKit/537.36 (KHTML, like Gecko) Chrome/153.0.8010.1"}[0m
[2m12:29:45.556[0m [32m[1mINFO [0m [35m[HTTP][0m[2m (b2c7ee33)[0m ← GET /api/v1/announcements/unread-count 200 3ms[2m {"method":"GET","path":"/api/v1/announcements/unread-count","status":200,"durationMs":3}[0m
[32m[wrangler:info][39m [0m[1mGET[22m /api/v1/announcements/unread-count [32m[1m200[22m OK [39m[90m(5ms)[39m[0m
[2m12:29:45.577[0m [36m[1mDEBUG[0m [35m[HTTP][0m[2m (f5c09da8)[0m → OPTIONS /api/v1/media/testuser-test-1790425783787-8lsdj9/doomed-muida8zg[2m {"method":"OPTIONS","path":"/api/v1/media/testuser-test-1790425783787-8lsdj9/doomed-muida8zg","userAgent":"Mozilla/5.0 (Windows NT 10.0; Win64; x64) AppleWebKit/537.36 (KHTML, like Gecko) Chrome/153.0.8010.1"}[0m
[2m12:29:45.578[0m [32m[1mINFO [0m [35m[HTTP][0m[2m (f5c09da8)[0m ← OPTIONS /api/v1/media/testuser-test-1790425783787-8lsdj9/doomed-muida8zg 204 1ms[2m {"method":"OPTIONS","path":"/api/v1/media/testuser-test-1790425783787-8lsdj9/doomed-muida8zg","status":204,"durationMs":1}[0m
[32m[wrangler:info][39m [0m[1mOPTIONS[22m /api/v1/media/testuser-test-1790425783787-8lsdj9/doomed-muida8zg [32m[1m204[22m No Content [39m[90m(4ms)[39m[0m
[2m12:29:45.581[0m [36m[1mDEBUG[0m [35m[HTTP][0m[2m (d80f8787)[0m → GET /api/v1/media/testuser-test-1790425783787-8lsdj9/doomed-muida8zg[2m {"method":"GET","path":"/api/v1/media/testuser-test-1790425783787-8lsdj9/doomed-muida8zg","userAgent":"Mozilla/5.0 (Windows NT 10.0; Win64; x64) AppleWebKit/537.36 (KHTML, like Gecko) Chrome/153.0.8010.1"}[0m
[2m12:29:45.598[0m [32m[1mINFO [0m [35m[HTTP][0m[2m (d80f8787)[0m ← GET /api/v1/media/testuser-test-1790425783787-8lsdj9/doomed-muida8zg 200 17ms[2m {"method":"GET","path":"/api/v1/media/testuser-test-1790425783787-8lsdj9/doomed-muida8zg","status":200,"durationMs":17}[0m
[32m[wrangler:info][39m [0m[1mGET[22m /api/v1/media/testuser-test-1790425783787-8lsdj9/doomed-muida8zg [32m[1m200[22m OK [39m[90m(19ms)[39m[0m
[2m12:29:45.600[0m [36m[1mDEBUG[0m [35m[HTTP][0m[2m (65a2f9ea)[0m → OPTIONS /api/v1/projects/testuser-test-1790425783787-8lsdj9/doomed-muida8zg[2m {"method":"OPTIONS","path":"/api/v1/projects/testuser-test-1790425783787-8lsdj9/doomed-muida8zg","userAgent":"Mozilla/5.0 (Windows NT 10.0; Win64; x64) AppleWebKit/537.36 (KHTML, like Gecko) Chrome/153.0.8010.1"}[0m
[2m12:29:45.601[0m [32m[1mINFO [0m [35m[HTTP][0m[2m (65a2f9ea)[0m ← OPTIONS /api/v1/projects/testuser-test-1790425783787-8lsdj9/doomed-muida8zg 204 1ms[2m {"method":"OPTIONS","path":"/api/v1/projects/testuser-test-1790425783787-8lsdj9/doomed-muida8zg","status":204,"durationMs":1}[0m
[32m[wrangler:info][39m [0m[1mOPTIONS[22m /api/v1/projects/testuser-test-1790425783787-8lsdj9/doomed-muida8zg [32m[1m204[22m No Content [39m[90m(12ms)[39m[0m
[2m12:29:45.609[0m [36m[1mDEBUG[0m [35m[HTTP][0m[2m (3d31b289)[0m → GET /api/v1/projects/testuser-test-1790425783787-8lsdj9/doomed-muida8zg[2m {"method":"GET","path":"/api/v1/projects/testuser-test-1790425783787-8lsdj9/doomed-muida8zg","userAgent":"Mozilla/5.0 (Windows NT 10.0; Win64; x64) AppleWebKit/537.36 (KHTML, like Gecko) Chrome/153.0.8010.1"}[0m
[2m12:29:45.613[0m [32m[1mINFO [0m [35m[HTTP][0m[2m (3d31b289)[0m ← GET /api/v1/projects/testuser-test-1790425783787-8lsdj9/doomed-muida8zg 200 4ms[2m {"method":"GET","path":"/api/v1/projects/testuser-test-1790425783787-8lsdj9/doomed-muida8zg","status":200,"durationMs":4}[0m
[2m12:29:45.613[0m [36m[1mDEBUG[0m [35m[HTTP][0m[2m (5f01d0f6)[0m → GET /api/v1/ws/yjs[2m {"method":"GET","path":"/api/v1/ws/yjs","userAgent":"Mozilla/5.0 (Windows NT 10.0; Win64; x64) AppleWebKit/537.36 (KHTML, like Gecko) Chrome/153.0.8010.1"}[0m
[32m[wrangler:info][39m [0m[1mGET[22m /api/v1/projects/testuser-test-1790425783787-8lsdj9/doomed-muida8zg [32m[1m200[22m OK [39m[90m(10ms)[39m[0m
[2m12:29:45.614[0m [36m[1mDEBUG[0m [35m[YjsWorker][0m[2m (5f01d0f6)[0m Routing WebSocket to project DO: testuser-test-1790425783787-8lsdj9:doomed-muida8zg for document: testuser-test-1790425783787-8lsdj9:doomed-muida8zg:elements/
[2m12:29:45.615[0m [36m[1mDEBUG[0m [35m[YjsProjectDO][0m WS connected: testuser-test-1790425783787-8lsdj9:doomed-muida8zg:elements, awaiting authentication... (1 total connections, DO: testuser-test-1790425783787-8lsdj9:doomed-muida8zg)
[2m12:29:45.615[0m [32m[1mINFO [0m [35m[HTTP][0m[2m (5f01d0f6)[0m ← GET /api/v1/ws/yjs 101 2ms[2m {"method":"GET","path":"/api/v1/ws/yjs","status":101,"durationMs":2}[0m
[32m[wrangler:info][39m [0m[1mGET[22m /api/v1/ws/yjs [34m[1m101[22m Switching Protocols [39m[90m(8ms)[39m[0m
[2m12:29:45.658[0m [36m[1mDEBUG[0m [35m[YjsProjectDO][0m getSecret check[2m {"hasDatabaseKey":false,"hasSessionSecret":true,"secretLength":53}[0m
[2m12:29:45.664[0m [32m[1mINFO [0m [35m[YjsProjectDO][0m Collaborator testuser-test-1790425783787-8lsdj9 (null, canWrite: true) accessing testuser-test-1790425783787-8lsdj9/doomed-muida8zg
[2m12:29:45.664[0m [36m[1mDEBUG[0m [35m[YjsProjectDO][0m WS authenticated for testuser-test-1790425783787-8lsdj9:doomed-muida8zg:elements (user: testuser-test-1790425783787-8lsdj9, canWrite: true)
[2m12:29:45.665[0m [36m[1mDEBUG[0m [35m[YjsProjectDO][0m No persisted updates found for testuser-test-1790425783787-8lsdj9:doomed-muida8zg:elements - starting fresh
[2m12:29:45.665[0m [36m[1mDEBUG[0m [35m[YjsProjectDO][0m Created new shared doc for testuser-test-1790425783787-8lsdj9:doomed-muida8zg:elements
[2m12:29:45.665[0m [36m[1mDEBUG[0m [35m[YjsProjectDO][0m 📤 Sent sync step 1 for testuser-test-1790425783787-8lsdj9:doomed-muida8zg:elements (4 bytes)
[2m12:29:45.666[0m [36m[1mDEBUG[0m [35m[YjsProjectDO][0m Yjs sync started for testuser-test-1790425783787-8lsdj9:doomed-muida8zg:elements (3 docs in DO)
[2m12:29:45.667[0m [36m[1mDEBUG[0m [35m[YjsProjectDO][0m Compacted document testuser-test-1790425783787-8lsdj9:doomed-muida8zg:elements: 1/1 update rows merged into snapshot
[2m12:29:46.047[0m [36m[1mDEBUG[0m [35m[HTTP][0m[2m (1b05bc8e)[0m → GET /api/v1/projects/testuser-test-1790425783787-8lsdj9/doomed-muida8zg/docs/sync-manifest[2m {"method":"GET","path":"/api/v1/projects/testuser-test-1790425783787-8lsdj9/doomed-muida8zg/docs/sync-manifest","userAgent":"Mozilla/5.0 (Windows NT 10.0; Win64; x64) AppleWebKit/537.36 (KHTML, like Gecko) Chrome/153.0.8010.1"}[0m
[DO-HTTP] GET /api/revisions
[DO-HTTP] Verifying token...
[2m12:29:46.050[0m [36m[1mDEBUG[0m [35m[YjsProjectDO][0m getSecret check[2m {"hasDatabaseKey":false,"hasSessionSecret":true,"secretLength":53}[0m
[DO-HTTP] Token verified, user: testuser-test-1790425783787-8lsdj9
[DO-HTTP] documentId: testuser-test-1790425783787-8lsdj9:doomed-muida8zg:elements
[DO-HTTP] projectId: testuser-test-1790425783787-8lsdj9:doomed-muida8zg
[2m12:29:46.052[0m [32m[1mINFO [0m [35m[HTTP][0m[2m (1b05bc8e)[0m ← GET /api/v1/projects/testuser-test-1790425783787-8lsdj9/doomed-muida8zg/docs/sync-manifest 200 5ms[2m {"method":"GET","path":"/api/v1/projects/testuser-test-1790425783787-8lsdj9/doomed-muida8zg/docs/sync-manifest","status":200,"durationMs":5}[0m
[32m[wrangler:info][39m [0m[1mGET[22m /api/v1/projects/testuser-test-1790425783787-8lsdj9/doomed-muida8zg/docs/sync-manifest [32m[1m200[22m OK [39m[90m(7ms)[39m[0m
[2m12:29:46.063[0m [36m[1mDEBUG[0m [35m[HTTP][0m[2m (b3c847dd)[0m → POST /api/v1/media/testuser-test-1790425783787-8lsdj9/doomed-muida8zg[2m {"method":"POST","path":"/api/v1/media/testuser-test-1790425783787-8lsdj9/doomed-muida8zg","userAgent":"Mozilla/5.0 (Windows NT 10.0; Win64; x64) AppleWebKit/537.36 (KHTML, like Gecko) Chrome/153.0.8010.1","requestSize":"250 B"}[0m
[2m12:29:46.078[0m [32m[1mINFO [0m [35m[HTTP][0m[2m (b3c847dd)[0m ← POST /api/v1/media/testuser-test-1790425783787-8lsdj9/doomed-muida8zg 200 15ms[2m {"method":"POST","path":"/api/v1/media/testuser-test-1790425783787-8lsdj9/doomed-muida8zg","status":200,"durationMs":15}[0m
[32m[wrangler:info][39m [0m[1mPOST[22m /api/v1/media/testuser-test-1790425783787-8lsdj9/doomed-muida8zg [32m[1m200[22m OK [39m[90m(16ms)[39m[0m
[2m12:29:46.082[0m [36m[1mDEBUG[0m [35m[HTTP][0m[2m (2cbb7149)[0m → GET /api/v1/media/testuser-test-1790425783787-8lsdj9/doomed-muida8zg/pixel.png[2m {"method":"GET","path":"/api/v1/media/testuser-test-1790425783787-8lsdj9/doomed-muida8zg/pixel.png","userAgent":"Mozilla/5.0 (Windows NT 10.0; Win64; x64) AppleWebKit/537.36 (KHTML, like Gecko) Chrome/153.0.8010.1"}[0m
[2m12:29:46.087[0m [32m[1mINFO [0m [35m[HTTP][0m[2m (2cbb7149)[0m ← GET /api/v1/media/testuser-test-1790425783787-8lsdj9/doomed-muida8zg/pixel.png 200 5ms[2m {"method":"GET","path":"/api/v1/media/testuser-test-1790425783787-8lsdj9/doomed-muida8zg/pixel.png","status":200,"durationMs":5,"responseSize":"68 B"}[0m
[32m[wrangler:info][39m [0m[1mGET[22m /api/v1/media/testuser-test-1790425783787-8lsdj9/doomed-muida8zg/pixel.png [32m[1m200[22m OK [39m[90m(5ms)[39m[0m
[2m12:29:46.314[0m [36m[1mDEBUG[0m [35m[HTTP][0m[2m (04b7cf92)[0m → GET /api/v1/appearance/config[2m {"method":"GET","path":"/api/v1/appearance/config","userAgent":"Mozilla/5.0 (Windows NT 10.0; Win64; x64) AppleWebKit/537.36 (KHTML, like Gecko) Chrome/153.0.8010.1"}[0m
[2m12:29:46.332[0m [32m[1mINFO [0m [35m[HTTP][0m[2m (04b7cf92)[0m ← GET /api/v1/appearance/config 200 18ms[2m {"method":"GET","path":"/api/v1/appearance/config","status":200,"durationMs":18}[0m
[2m12:29:46.336[0m [36m[1mDEBUG[0m [35m[HTTP][0m[2m (77b56ebe)[0m → GET /api/v1/users/me[2m {"method":"GET","path":"/api/v1/users/me","userAgent":"Mozilla/5.0 (Windows NT 10.0; Win64; x64) AppleWebKit/537.36 (KHTML, like Gecko) Chrome/153.0.8010.1"}[0m
[2m12:29:46.352[0m [32m[1mINFO [0m [35m[HTTP][0m[2m (77b56ebe)[0m ← GET /api/v1/users/me 200 16ms[2m {"method":"GET","path":"/api/v1/users/me","status":200,"durationMs":16}[0m
[2m12:29:46.362[0m [36m[1mDEBUG[0m [35m[HTTP][0m[2m (4d904a26)[0m → GET /api/v1/appearance/preference[2m {"method":"GET","path":"/api/v1/appearance/preference","userAgent":"Mozilla/5.0 (Windows NT 10.0; Win64; x64) AppleWebKit/537.36 (KHTML, like Gecko) Chrome/153.0.8010.1"}[0m
[32m[wrangler:info][39m [0m[1mGET[22m /api/v1/appearance/config [32m[1m200[22m OK [39m[90m(50ms)[39m[0m
[32m[wrangler:info][39m [0m[1mGET[22m /api/v1/users/me [32m[1m200[22m OK [39m[90m(36ms)[39m[0m
[32m[wrangler:info][39m [0m[1mGET[22m /api/v1/appearance/preference [32m[1m200[22m OK [39m[90m(29ms)[39m[0m
[2m12:29:46.374[0m [32m[1mINFO [0m [35m[HTTP][0m[2m (4d904a26)[0m ← GET /api/v1/appearance/preference 200 12ms[2m {"method":"GET","path":"/api/v1/appearance/preference","status":200,"durationMs":12}[0m
[2m12:29:46.377[0m [36m[1mDEBUG[0m [35m[HTTP][0m[2m (b47f45a1)[0m → GET /api/v1/config/features[2m {"method":"GET","path":"/api/v1/config/features","userAgent":"Mozilla/5.0 (Windows NT 10.0; Win64; x64) AppleWebKit/537.36 (KHTML, like Gecko) Chrome/153.0.8010.1"}[0m
[2m12:29:46.379[0m [36m[1mDEBUG[0m [35m[HTTP][0m[2m (117cff20)[0m → GET /api/v1/users/me[2m {"method":"GET","path":"/api/v1/users/me","userAgent":"Mozilla/5.0 (Windows NT 10.0; Win64; x64) AppleWebKit/537.36 (KHTML, like Gecko) Chrome/153.0.8010.1"}[0m
[2m12:29:46.399[0m [32m[1mINFO [0m [35m[HTTP][0m[2m (b47f45a1)[0m ← GET /api/v1/config/features 200 22ms[2m {"method":"GET","path":"/api/v1/config/features","status":200,"durationMs":22}[0m
[2m12:29:46.400[0m [32m[1mINFO [0m [35m[HTTP][0m[2m (117cff20)[0m ← GET /api/v1/users/me 200 21ms[2m {"method":"GET","path":"/api/v1/users/me","status":200,"durationMs":21}[0m
[32m[wrangler:info][39m [0m[1mGET[22m /api/v1/config/features [32m[1m200[22m OK [39m[90m(73ms)[39m[0m
[32m[wrangler:info][39m [0m[1mGET[22m /api/v1/users/me [32m[1m200[22m OK [39m[90m(36ms)[39m[0m
[32m[wrangler:info][39m [0m[1mGET[22m /api/v1/health [32m[1m200[22m OK [39m[90m(9ms)[39m[0m
[2m12:29:46.565[0m [36m[1mDEBUG[0m [35m[HTTP][0m[2m (16e089a0)[0m → GET /api/v1/projects[2m {"method":"GET","path":"/api/v1/projects","userAgent":"Mozilla/5.0 (Windows NT 10.0; Win64; x64) AppleWebKit/537.36 (KHTML, like Gecko) Chrome/153.0.8010.1"}[0m
[2m12:29:46.572[0m [32m[1mINFO [0m [35m[HTTP][0m[2m (16e089a0)[0m ← GET /api/v1/projects 200 7ms[2m {"method":"GET","path":"/api/v1/projects","status":200,"durationMs":7}[0m
[32m[wrangler:info][39m [0m[1mGET[22m /api/v1/projects [32m[1m200[22m OK [39m[90m(9ms)[39m[0m
[2m12:29:46.578[0m [36m[1mDEBUG[0m [35m[HTTP][0m[2m (99156193)[0m → DELETE /api/v1/users/me[2m {"method":"DELETE","path":"/api/v1/users/me","userAgent":"Mozilla/5.0 (Windows NT 10.0; Win64; x64) AppleWebKit/537.36 (KHTML, like Gecko) Chrome/153.0.8010.1","requestSize":"56 B"}[0m
[2m12:29:46.582[0m [32m[1mINFO [0m [35m[Yjs][0m[2m (99156193)[0m Destroying project documents: testuser-test-1790425783787-8lsdj9:doomed-muida8zg
[DO-HTTP] POST /api/destroy
[DO-HTTP] Verifying token...
[2m12:29:46.587[0m [36m[1mDEBUG[0m [35m[YjsProjectDO][0m getSecret check[2m {"hasDatabaseKey":false,"hasSessionSecret":true,"secretLength":53}[0m
[DO-HTTP] Token verified, user: testuser-test-1790425783787-8lsdj9
[DO-HTTP] documentId: testuser-test-1790425783787-8lsdj9:doomed-muida8zg:elements
[DO-HTTP] projectId: testuser-test-1790425783787-8lsdj9:doomed-muida8zg
[2m12:29:46.591[0m [32m[1mINFO [0m [35m[YjsProjectDO][0m Project testuser-test-1790425783787-8lsdj9:doomed-muida8zg destroyed: storage wiped
[2m12:29:46.596[0m [32m[1mINFO [0m [35m[AccountDeletion][0m[2m (99156193)[0m Account deleted[2m {"userId":"dcf712cb-b99e-4752-acce-e9c5cfe98e4e"}[0m
[2m12:29:46.596[0m [32m[1mINFO [0m [35m[HTTP][0m[2m (99156193)[0m ← DELETE /api/v1/users/me 200 18ms[2m {"method":"DELETE","path":"/api/v1/users/me","status":200,"durationMs":18}[0m
[32m[wrangler:info][39m [0m[1mDELETE[22m /api/v1/users/me [32m[1m200[22m OK [39m[90m(22ms)[39m[0m
[2m12:29:46.803[0m [36m[1mDEBUG[0m [35m[HTTP][0m[2m (e20c2eb8)[0m → GET /api/v1/appearance/config[2m {"method":"GET","path":"/api/v1/appearance/config","userAgent":"Mozilla/5.0 (Windows NT 10.0; Win64; x64) AppleWebKit/537.36 (KHTML, like Gecko) Chrome/153.0.8010.1"}[0m
[2m12:29:46.817[0m [32m[1mINFO [0m [35m[HTTP][0m[2m (e20c2eb8)[0m ← GET /api/v1/appearance/config 200 14ms[2m {"method":"GET","path":"/api/v1/appearance/config","status":200,"durationMs":14}[0m
[32m[wrangler:info][39m [0m[1mGET[22m /api/v1/appearance/config [32m[1m200[22m OK [39m[90m(21ms)[39m[0m
[2m12:29:46.822[0m [36m[1mDEBUG[0m [35m[HTTP][0m[2m (45acfe43)[0m → GET /api/v1/users/me[2m {"method":"GET","path":"/api/v1/users/me","userAgent":"Mozilla/5.0 (Windows NT 10.0; Win64; x64) AppleWebKit/537.36 (KHTML, like Gecko) Chrome/153.0.8010.1"}[0m
[2m12:29:46.824[0m [36m[1mDEBUG[0m [35m[HTTP][0m[2m (bb42492e)[0m → GET /api/v1/config/features[2m {"method":"GET","path":"/api/v1/config/features","userAgent":"Mozilla/5.0 (Windows NT 10.0; Win64; x64) AppleWebKit/537.36 (KHTML, like Gecko) Chrome/153.0.8010.1"}[0m
[33m▲ [43;33m[[43;30mWARNING[43;33m][0m [1m[2m12:29:46.838[0m [33m[1mWARN [0m [35m[HTTP][0m[2m (45acfe43)[0m ← GET /api/v1/users/me 401 16ms[2m {"method":"GET","path":"/api/v1/users/me","status":401,"durationMs":16}[0m[0m


[2m12:29:46.838[0m [32m[1mINFO [0m [35m[HTTP][0m[2m (bb42492e)[0m ← GET /api/v1/config/features 200 14ms[2m {"method":"GET","path":"/api/v1/config/features","status":200,"durationMs":14}[0m
[32m[wrangler:info][39m [0m[1mGET[22m /api/v1/users/me [33m[1m401[22m Unauthorized [39m[90m(34ms)[39m[0m
[32m[wrangler:info][39m [0m[1mGET[22m /api/v1/config/features [32m[1m200[22m OK [39m[90m(29ms)[39m[0m
[2m12:29:46.853[0m [36m[1mDEBUG[0m [35m[HTTP][0m[2m (1f91c5d6)[0m → GET /api/v1/users/me[2m {"method":"GET","path":"/api/v1/users/me","userAgent":"Mozilla/5.0 (Windows NT 10.0; Win64; x64) AppleWebKit/537.36 (KHTML, like Gecko) Chrome/153.0.8010.1"}[0m
[33m▲ [43;33m[[43;30mWARNING[43;33m][0m [1m[2m12:29:46.865[0m [33m[1mWARN [0m [35m[HTTP][0m[2m (1f91c5d6)[0m ← GET /api/v1/users/me 401 12ms[2m {"method":"GET","path":"/api/v1/users/me","status":401,"durationMs":12}[0m[0m


[2m12:29:46.866[0m [36m[1mDEBUG[0m [35m[HTTP][0m[2m (ecc939f7)[0m → GET /api/v1/users/me[2m {"method":"GET","path":"/api/v1/users/me","userAgent":"Mozilla/5.0 (Windows NT 10.0; Win64; x64) AppleWebKit/537.36 (KHTML, like Gecko) Chrome/153.0.8010.1"}[0m
[2m12:29:46.868[0m [32m[1mINFO [0m [35m[HTTP][0m[2m (ecc939f7)[0m ← GET /api/v1/users/me 200 2ms[2m {"method":"GET","path":"/api/v1/users/me","status":200,"durationMs":2}[0m
[32m[wrangler:info][39m [0m[1mGET[22m /api/v1/users/me [33m[1m401[22m Unauthorized [39m[90m(17ms)[39m[0m
[32m[wrangler:info][39m [0m[1mGET[22m /api/v1/users/me [32m[1m200[22m OK [39m[90m(12ms)[39m[0m
[32m[wrangler:info][39m [0m[1mGET[22m /api/v1/health [32m[1m200[22m OK [39m[90m(6ms)[39m[0m
[2m12:29:46.996[0m [36m[1mDEBUG[0m [35m[HTTP][0m[2m (ca732493)[0m → GET /api/v1/users/me[2m {"method":"GET","path":"/api/v1/users/me","userAgent":"Mozilla/5.0 (Windows NT 10.0; Win64; x64) AppleWebKit/537.36 (KHTML, like Gecko) Chrome/153.0.8010.1"}[0m
[2m12:29:46.996[0m [32m[1mINFO [0m [35m[HTTP][0m[2m (ca732493)[0m ← GET /api/v1/users/me 200 0ms[2m {"method":"GET","path":"/api/v1/users/me","status":200,"durationMs":0}[0m
[32m[wrangler:info][39m [0m[1mGET[22m /api/v1/users/me [32m[1m200[22m OK [39m[90m(6ms)[39m[0m
[2m12:29:47.005[0m [36m[1mDEBUG[0m [35m[HTTP][0m[2m (4e3c9312)[0m → GET /api/v1/announcements/public[2m {"method":"GET","path":"/api/v1/announcements/public","userAgent":"Mozilla/5.0 (Windows NT 10.0; Win64; x64) AppleWebKit/537.36 (KHTML, like Gecko) Chrome/153.0.8010.1"}[0m
[2m12:29:47.006[0m [32m[1mINFO [0m [35m[HTTP][0m[2m (4e3c9312)[0m ← GET /api/v1/announcements/public 200 1ms[2m {"method":"GET","path":"/api/v1/announcements/public","status":200,"durationMs":1}[0m
[32m[wrangler:info][39m [0m[1mGET[22m /api/v1/announcements/public [32m[1m200[22m OK [39m[90m(5ms)[39m[0m
[2m12:29:47.015[0m [36m[1mDEBUG[0m [35m[HTTP][0m[2m (6fbd481b)[0m → POST /api/v1/auth/register[2m {"method":"POST","path":"/api/v1/auth/register","userAgent":"Mozilla/5.0 (Windows NT 10.0; Win64; x64) AppleWebKit/537.36 (KHTML, like Gecko) Chrome/153.0.8010.1","requestSize":"79 B"}[0m
[2m12:29:47.099[0m [32m[1mINFO [0m [35m[Email][0m[2m (6fbd481b)[0m Email sending skipped — no valid recipient address[2m {"to":"testuser-test-1790425783787-8lsdj9@local"}[0m
[2m12:29:47.099[0m [32m[1mINFO [0m [35m[HTTP][0m[2m (6fbd481b)[0m ← POST /api/v1/auth/register 200 84ms[2m {"method":"POST","path":"/api/v1/auth/register","status":200,"durationMs":84}[0m
[32m[wrangler:info][39m [0m[1mPOST[22m /api/v1/auth/register [32m[1m200[22m OK [39m[90m(86ms)[39m[0m
[2m12:29:47.103[0m [36m[1mDEBUG[0m [35m[HTTP][0m[2m (3ff47f5c)[0m → POST /api/v1/projects[2m {"method":"POST","path":"/api/v1/projects","userAgent":"Mozilla/5.0 (Windows NT 10.0; Win64; x64) AppleWebKit/537.36 (KHTML, like Gecko) Chrome/153.0.8010.1","requestSize":"48 B"}[0m
[2m12:29:47.108[0m [32m[1mINFO [0m [35m[HTTP][0m[2m (3ff47f5c)[0m ← POST /api/v1/projects 201 5ms[2m {"method":"POST","path":"/api/v1/projects","status":201,"durationMs":5}[0m
[32m[wrangler:info][39m [0m[1mPOST[22m /api/v1/projects [32m[1m201[22m Created [39m[90m(7ms)[39m[0m
[2m12:29:47.113[0m [36m[1mDEBUG[0m [35m[HTTP][0m[2m (61698d52)[0m → GET /api/v1/media/testuser-test-1790425783787-8lsdj9/doomed-muida8zg/pixel.png[2m {"method":"GET","path":"/api/v1/media/testuser-test-1790425783787-8lsdj9/doomed-muida8zg/pixel.png","userAgent":"Mozilla/5.0 (Windows NT 10.0; Win64; x64) AppleWebKit/537.36 (KHTML, like Gecko) Chrome/153.0.8010.1"}[0m
[2m12:29:47.121[0m [36m[1mDEBUG[0m [35m[ErrorHandler][0m[2m (61698d52)[0m Client error on GET /api/v1/media/testuser-test-1790425783787-8lsdj9/doomed-muida8zg/pixel.png: NotFoundError[2m {"method":"GET","path":"/api/v1/media/testuser-test-1790425783787-8lsdj9/doomed-muida8zg/pixel.png","errorName":"NotFoundError"}[0m
[33m▲ [43;33m[[43;30mWARNING[43;33m][0m [1m[2m12:29:47.121[0m [33m[1mWARN [0m [35m[HTTP][0m[2m (61698d52)[0m ← GET /api/v1/media/testuser-test-1790425783787-8lsdj9/doomed-muida8zg/pixel.png 404 8ms[2m {"method":"GET","path":"/api/v1/media/testuser-test-1790425783787-8lsdj9/doomed-muida8zg/pixel.png","status":404,"durationMs":8}[0m[0m


[32m[wrangler:info][39m [0m[1mGET[22m /api/v1/media/testuser-test-1790425783787-8lsdj9/doomed-muida8zg/pixel.png [33m[1m404[22m Not Found [39m[90m(10ms)[39m[0m
[2m12:29:47.127[0m [36m[1mDEBUG[0m [35m[HTTP][0m[2m (023544e6)[0m → GET /api/v1/projects/testuser-test-1790425783787-8lsdj9/doomed-muida8zg/docs/sync-manifest[2m {"method":"GET","path":"/api/v1/projects/testuser-test-1790425783787-8lsdj9/doomed-muida8zg/docs/sync-manifest","userAgent":"Mozilla/5.0 (Windows NT 10.0; Win64; x64) AppleWebKit/537.36 (KHTML, like Gecko) Chrome/153.0.8010.1"}[0m
[DO-HTTP] GET /api/revisions
[DO-HTTP] Verifying token...
[2m12:29:47.130[0m [36m[1mDEBUG[0m [35m[YjsProjectDO][0m getSecret check[2m {"hasDatabaseKey":false,"hasSessionSecret":true,"secretLength":53}[0m
[DO-HTTP] Token verified, user: testuser-test-1790425783787-8lsdj9
[DO-HTTP] documentId: testuser-test-1790425783787-8lsdj9:doomed-muida8zg:elements
[DO-HTTP] projectId: testuser-test-1790425783787-8lsdj9:doomed-muida8zg
[2m12:29:47.136[0m [36m[1mDEBUG[0m [35m[YjsProjectDO][0m No persisted updates found for testuser-test-1790425783787-8lsdj9:doomed-muida8zg:elements - starting fresh
[2m12:29:47.136[0m [36m[1mDEBUG[0m [35m[YjsProjectDO][0m Created new shared doc for testuser-test-1790425783787-8lsdj9:doomed-muida8zg:elements
[2m12:29:47.136[0m [32m[1mINFO [0m [35m[HTTP][0m[2m (023544e6)[0m ← GET /api/v1/projects/testuser-test-1790425783787-8lsdj9/doomed-muida8zg/docs/sync-manifest 200 9ms[2m {"method":"GET","path":"/api/v1/projects/testuser-test-1790425783787-8lsdj9/doomed-muida8zg/docs/sync-manifest","status":200,"durationMs":9}[0m
[32m[wrangler:info][39m [0m[1mGET[22m /api/v1/projects/testuser-test-1790425783787-8lsdj9/doomed-muida8zg/docs/sync-manifest [32m[1m200[22m OK [39m[90m(12ms)[39m[0m
[2m12:29:47.434[0m [36m[1mDEBUG[0m [35m[HTTP][0m[2m (d9cff1d5)[0m → POST /api/v1/auth/register[2m {"method":"POST","path":"/api/v1/auth/register","userAgent":"Mozilla/5.0 (Windows NT 10.0; Win64; x64) AppleWebKit/537.36 (KHTML, like Gecko) Chrome/153.0.8010.1","requestSize":"79 B"}[0m
[2m12:29:47.519[0m [32m[1mINFO [0m [35m[Email][0m[2m (d9cff1d5)[0m Email sending skipped — no valid recipient address[2m {"to":"testuser-test-1790425787431-g1r1yo@local"}[0m
[2m12:29:47.519[0m [32m[1mINFO [0m [35m[HTTP][0m[2m (d9cff1d5)[0m ← POST /api/v1/auth/register 200 85ms[2m {"method":"POST","path":"/api/v1/auth/register","status":200,"durationMs":85}[0m
[32m[wrangler:info][39m [0m[1mPOST[22m /api/v1/auth/register [32m[1m200[22m OK [39m[90m(87ms)[39m[0m
[2m12:29:47.873[0m [36m[1mDEBUG[0m [35m[HTTP][0m[2m (81c44bcc)[0m → OPTIONS /api/v1/appearance/config[2m {"method":"OPTIONS","path":"/api/v1/appearance/config","userAgent":"Mozilla/5.0 (Windows NT 10.0; Win64; x64) AppleWebKit/537.36 (KHTML, like Gecko) Chrome/153.0.8010.1"}[0m
[2m12:29:47.874[0m [32m[1mINFO [0m [35m[HTTP][0m[2m (81c44bcc)[0m ← OPTIONS /api/v1/appearance/config 204 1ms[2m {"method":"OPTIONS","path":"/api/v1/appearance/config","status":204,"durationMs":1}[0m
[32m[wrangler:info][39m [0m[1mOPTIONS[22m /api/v1/appearance/config [32m[1m204[22m No Content [39m[90m(3ms)[39m[0m
[2m12:29:47.897[0m [36m[1mDEBUG[0m [35m[HTTP][0m[2m (af38944f)[0m → GET /api/v1/appearance/config[2m {"method":"GET","path":"/api/v1/appearance/config","userAgent":"Mozilla/5.0 (Windows NT 10.0; Win64; x64) AppleWebKit/537.36 (KHTML, like Gecko) Chrome/153.0.8010.1"}[0m
[2m12:29:47.920[0m [32m[1mINFO [0m [35m[HTTP][0m[2m (af38944f)[0m ← GET /api/v1/appearance/config 200 23ms[2m {"method":"GET","path":"/api/v1/appearance/config","status":200,"durationMs":23}[0m
[32m[wrangler:info][39m [0m[1mGET[22m /api/v1/appearance/config [32m[1m200[22m OK [39m[90m(45ms)[39m[0m
[2m12:29:47.964[0m [36m[1mDEBUG[0m [35m[HTTP][0m[2m (4b1a9a5d)[0m → OPTIONS /api/v1/users/me[2m {"method":"OPTIONS","path":"/api/v1/users/me","userAgent":"Mozilla/5.0 (Windows NT 10.0; Win64; x64) AppleWebKit/537.36 (KHTML, like Gecko) Chrome/153.0.8010.1"}[0m
[2m12:29:47.964[0m [32m[1mINFO [0m [35m[HTTP][0m[2m (4b1a9a5d)[0m ← OPTIONS /api/v1/users/me 204 0ms[2m {"method":"OPTIONS","path":"/api/v1/users/me","status":204,"durationMs":0}[0m
[32m[wrangler:info][39m [0m[1mOPTIONS[22m /api/v1/users/me [32m[1m204[22m No Content [39m[90m(4ms)[39m[0m
[2m12:29:47.970[0m [36m[1mDEBUG[0m [35m[HTTP][0m[2m (1fa6587a)[0m → GET /api/v1/users/me[2m {"method":"GET","path":"/api/v1/users/me","userAgent":"Mozilla/5.0 (Windows NT 10.0; Win64; x64) AppleWebKit/537.36 (KHTML, like Gecko) Chrome/153.0.8010.1"}[0m
[2m12:29:47.973[0m [32m[1mINFO [0m [35m[HTTP][0m[2m (1fa6587a)[0m ← GET /api/v1/users/me 200 3ms[2m {"method":"GET","path":"/api/v1/users/me","status":200,"durationMs":3}[0m
[32m[wrangler:info][39m [0m[1mGET[22m /api/v1/users/me [32m[1m200[22m OK [39m[90m(5ms)[39m[0m
[2m12:29:47.997[0m [36m[1mDEBUG[0m [35m[HTTP][0m[2m (8c5cc878)[0m → OPTIONS /api/v1/config/features[2m {"method":"OPTIONS","path":"/api/v1/config/features","userAgent":"Mozilla/5.0 (Windows NT 10.0; Win64; x64) AppleWebKit/537.36 (KHTML, like Gecko) Chrome/153.0.8010.1"}[0m
[32m[wrangler:info][39m [0m[1mGET[22m /api/v1/health [32m[1m200[22m OK [39m[90m(11ms)[39m[0m
[2m12:29:47.998[0m [32m[1mINFO [0m [35m[HTTP][0m[2m (8c5cc878)[0m ← OPTIONS /api/v1/config/features 204 1ms[2m {"method":"OPTIONS","path":"/api/v1/config/features","status":204,"durationMs":1}[0m
[2m12:29:47.999[0m [36m[1mDEBUG[0m [35m[HTTP][0m[2m (0cb514f5)[0m → OPTIONS /api/v1/appearance/preference[2m {"method":"OPTIONS","path":"/api/v1/appearance/preference","userAgent":"Mozilla/5.0 (Windows NT 10.0; Win64; x64) AppleWebKit/537.36 (KHTML, like Gecko) Chrome/153.0.8010.1"}[0m
[32m[wrangler:info][39m [0m[1mOPTIONS[22m /api/v1/config/features [32m[1m204[22m No Content [39m[90m(9ms)[39m[0m
[2m12:29:48.000[0m [32m[1mINFO [0m [35m[HTTP][0m[2m (0cb514f5)[0m ← OPTIONS /api/v1/appearance/preference 204 1ms[2m {"method":"OPTIONS","path":"/api/v1/appearance/preference","status":204,"durationMs":1}[0m
[32m[wrangler:info][39m [0m[1mOPTIONS[22m /api/v1/appearance/preference [32m[1m204[22m No Content [39m[90m(13ms)[39m[0m
[2m12:29:48.003[0m [36m[1mDEBUG[0m [35m[HTTP][0m[2m (24dd4231)[0m → GET /api/v1/config/features[2m {"method":"GET","path":"/api/v1/config/features","userAgent":"Mozilla/5.0 (Windows NT 10.0; Win64; x64) AppleWebKit/537.36 (KHTML, like Gecko) Chrome/153.0.8010.1"}[0m
[2m12:29:48.014[0m [32m[1mINFO [0m [35m[HTTP][0m[2m (24dd4231)[0m ← GET /api/v1/config/features 200 11ms[2m {"method":"GET","path":"/api/v1/config/features","status":200,"durationMs":11}[0m
[2m12:29:48.015[0m [36m[1mDEBUG[0m [35m[HTTP][0m[2m (c95297f5)[0m → GET /api/v1/appearance/preference[2m {"method":"GET","path":"/api/v1/appearance/preference","userAgent":"Mozilla/5.0 (Windows NT 10.0; Win64; x64) AppleWebKit/537.36 (KHTML, like Gecko) Chrome/153.0.8010.1"}[0m
[32m[wrangler:info][39m [0m[1mGET[22m /api/v1/config/features [32m[1m200[22m OK [39m[90m(14ms)[39m[0m
[2m12:29:48.023[0m [32m[1mINFO [0m [35m[HTTP][0m[2m (c95297f5)[0m ← GET /api/v1/appearance/preference 200 8ms[2m {"method":"GET","path":"/api/v1/appearance/preference","status":200,"durationMs":8}[0m
[32m[wrangler:info][39m [0m[1mGET[22m /api/v1/appearance/preference [32m[1m200[22m OK [39m[90m(19ms)[39m[0m
[2m12:29:48.144[0m [36m[1mDEBUG[0m [35m[HTTP][0m[2m (d36b2404)[0m → GET /api/v1/users/me[2m {"method":"GET","path":"/api/v1/users/me","userAgent":"Mozilla/5.0 (Windows NT 10.0; Win64; x64) AppleWebKit/537.36 (KHTML, like Gecko) Chrome/153.0.8010.1"}[0m
[2m12:29:48.153[0m [32m[1mINFO [0m [35m[HTTP][0m[2m (d36b2404)[0m ← GET /api/v1/users/me 200 9ms[2m {"method":"GET","path":"/api/v1/users/me","status":200,"durationMs":9}[0m
[32m[wrangler:info][39m [0m[1mGET[22m /api/v1/users/me [32m[1m200[22m OK [39m[90m(13ms)[39m[0m
[2m12:29:48.171[0m [36m[1mDEBUG[0m [35m[HTTP][0m[2m (a8d49bbc)[0m → OPTIONS /api/v1/announcements/unread-count[2m {"method":"OPTIONS","path":"/api/v1/announcements/unread-count","userAgent":"Mozilla/5.0 (Windows NT 10.0; Win64; x64) AppleWebKit/537.36 (KHTML, like Gecko) Chrome/153.0.8010.1"}[0m
[2m12:29:48.171[0m [32m[1mINFO [0m [35m[HTTP][0m[2m (a8d49bbc)[0m ← OPTIONS /api/v1/announcements/unread-count 204 0ms[2m {"method":"OPTIONS","path":"/api/v1/announcements/unread-count","status":204,"durationMs":0}[0m
[32m[wrangler:info][39m [0m[1mOPTIONS[22m /api/v1/announcements/unread-count [32m[1m204[22m No Content [39m[90m(4ms)[39m[0m
[2m12:29:48.178[0m [36m[1mDEBUG[0m [35m[HTTP][0m[2m (290675e0)[0m → GET /api/v1/announcements/unread-count[2m {"method":"GET","path":"/api/v1/announcements/unread-count","userAgent":"Mozilla/5.0 (Windows NT 10.0; Win64; x64) AppleWebKit/537.36 (KHTML, like Gecko) Chrome/153.0.8010.1"}[0m
[2m12:29:48.182[0m [32m[1mINFO [0m [35m[HTTP][0m[2m (290675e0)[0m ← GET /api/v1/announcements/unread-count 200 5ms[2m {"method":"GET","path":"/api/v1/announcements/unread-count","status":200,"durationMs":5}[0m
[32m[wrangler:info][39m [0m[1mGET[22m /api/v1/announcements/unread-count [32m[1m200[22m OK [39m[90m(16ms)[39m[0m
[2m12:29:48.221[0m [36m[1mDEBUG[0m [35m[HTTP][0m[2m (e2234ecd)[0m → OPTIONS /api/v1/projects[2m {"method":"OPTIONS","path":"/api/v1/projects","userAgent":"Mozilla/5.0 (Windows NT 10.0; Win64; x64) AppleWebKit/537.36 (KHTML, like Gecko) Chrome/153.0.8010.1"}[0m
[2m12:29:48.234[0m [32m[1mINFO [0m [35m[HTTP][0m[2m (e2234ecd)[0m ← OPTIONS /api/v1/projects 204 13ms[2m {"method":"OPTIONS","path":"/api/v1/projects","status":204,"durationMs":13}[0m
[32m[wrangler:info][39m [0m[1mOPTIONS[22m /api/v1/projects [32m[1m204[22m No Content [39m[90m(38ms)[39m[0m
[2m12:29:48.260[0m [36m[1mDEBUG[0m [35m[HTTP][0m[2m (8c3c0103)[0m → GET /api/v1/projects[2m {"method":"GET","path":"/api/v1/projects","userAgent":"Mozilla/5.0 (Windows NT 10.0; Win64; x64) AppleWebKit/537.36 (KHTML, like Gecko) Chrome/153.0.8010.1"}[0m
[2m12:29:48.266[0m [32m[1mINFO [0m [35m[HTTP][0m[2m (8c3c0103)[0m ← GET /api/v1/projects 200 6ms[2m {"method":"GET","path":"/api/v1/projects","status":200,"durationMs":6}[0m
[32m[wrangler:info][39m [0m[1mGET[22m /api/v1/projects [32m[1m200[22m OK [39m[90m(9ms)[39m[0m
[2m12:29:48.278[0m [36m[1mDEBUG[0m [35m[HTTP][0m[2m (45bebe07)[0m → OPTIONS /api/v1/collaboration/invitations[2m {"method":"OPTIONS","path":"/api/v1/collaboration/invitations","userAgent":"Mozilla/5.0 (Windows NT 10.0; Win64; x64) AppleWebKit/537.36 (KHTML, like Gecko) Chrome/153.0.8010.1"}[0m
[2m12:29:48.280[0m [32m[1mINFO [0m [35m[HTTP][0m[2m (45bebe07)[0m ← OPTIONS /api/v1/collaboration/invitations 204 2ms[2m {"method":"OPTIONS","path":"/api/v1/collaboration/invitations","status":204,"durationMs":2}[0m
[2m12:29:48.281[0m [36m[1mDEBUG[0m [35m[HTTP][0m[2m (5b42894d)[0m → OPTIONS /api/v1/collaboration/collaborated[2m {"method":"OPTIONS","path":"/api/v1/collaboration/collaborated","userAgent":"Mozilla/5.0 (Windows NT 10.0; Win64; x64) AppleWebKit/537.36 (KHTML, like Gecko) Chrome/153.0.8010.1"}[0m
[2m12:29:48.282[0m [32m[1mINFO [0m [35m[HTTP][0m[2m (5b42894d)[0m ← OPTIONS /api/v1/collaboration/collaborated 204 1ms[2m {"method":"OPTIONS","path":"/api/v1/collaboration/collaborated","status":204,"durationMs":1}[0m
[32m[wrangler:info][39m [0m[1mOPTIONS[22m /api/v1/collaboration/invitations [32m[1m204[22m No Content [39m[90m(12ms)[39m[0m
[32m[wrangler:info][39m [0m[1mOPTIONS[22m /api/v1/collaboration/collaborated [32m[1m204[22m No Content [39m[90m(12ms)[39m[0m
[2m12:29:48.291[0m [36m[1mDEBUG[0m [35m[HTTP][0m[2m (156c2b6b)[0m → GET /api/v1/collaboration/invitations[2m {"method":"GET","path":"/api/v1/collaboration/invitations","userAgent":"Mozilla/5.0 (Windows NT 10.0; Win64; x64) AppleWebKit/537.36 (KHTML, like Gecko) Chrome/153.0.8010.1"}[0m
[2m12:29:48.292[0m [36m[1mDEBUG[0m [35m[HTTP][0m[2m (6d3e53b5)[0m → GET /api/v1/collaboration/collaborated[2m {"method":"GET","path":"/api/v1/collaboration/collaborated","userAgent":"Mozilla/5.0 (Windows NT 10.0; Win64; x64) AppleWebKit/537.36 (KHTML, like Gecko) Chrome/153.0.8010.1"}[0m
[2m12:29:48.299[0m [32m[1mINFO [0m [35m[HTTP][0m[2m (156c2b6b)[0m ← GET /api/v1/collaboration/invitations 200 8ms[2m {"method":"GET","path":"/api/v1/collaboration/invitations","status":200,"durationMs":8}[0m
[2m12:29:48.299[0m [32m[1mINFO [0m [35m[HTTP][0m[2m (6d3e53b5)[0m ← GET /api/v1/collaboration/collaborated 200 7ms[2m {"method":"GET","path":"/api/v1/collaboration/collaborated","status":200,"durationMs":7}[0m
[32m[wrangler:info][39m [0m[1mGET[22m /api/v1/collaboration/invitations [32m[1m200[22m OK [39m[90m(14ms)[39m[0m
[32m[wrangler:info][39m [0m[1mGET[22m /api/v1/collaboration/collaborated [32m[1m200[22m OK [39m[90m(14ms)[39m[0m
[2m12:29:48.382[0m [36m[1mDEBUG[0m [35m[HTTP][0m[2m (de64cf1b)[0m → POST /api/v1/auth/login[2m {"method":"POST","path":"/api/v1/auth/login","userAgent":"Mozilla/5.0 (Windows NT 10.0; Win64; x64) AppleWebKit/537.36 (KHTML, like Gecko) Chrome/153.0.8010.1","requestSize":"58 B"}[0m
[2m12:29:48.461[0m [32m[1mINFO [0m [35m[HTTP][0m[2m (de64cf1b)[0m ← POST /api/v1/auth/login 200 79ms[2m {"method":"POST","path":"/api/v1/auth/login","status":200,"durationMs":79}[0m
[32m[wrangler:info][39m [0m[1mPOST[22m /api/v1/auth/login [32m[1m200[22m OK [39m[90m(81ms)[39m[0m
[2m12:29:48.812[0m [36m[1mDEBUG[0m [35m[HTTP][0m[2m (a0f91f4c)[0m → OPTIONS /api/v1/appearance/config[2m {"method":"OPTIONS","path":"/api/v1/appearance/config","userAgent":"Mozilla/5.0 (Windows NT 10.0; Win64; x64) AppleWebKit/537.36 (KHTML, like Gecko) Chrome/153.0.8010.1"}[0m
[2m12:29:48.813[0m [32m[1mINFO [0m [35m[HTTP][0m[2m (a0f91f4c)[0m ← OPTIONS /api/v1/appearance/config 204 1ms[2m {"method":"OPTIONS","path":"/api/v1/appearance/config","status":204,"durationMs":1}[0m
[32m[wrangler:info][39m [0m[1mOPTIONS[22m /api/v1/appearance/config [32m[1m204[22m No Content [39m[90m(6ms)[39m[0m
[2m12:29:48.821[0m [36m[1mDEBUG[0m [35m[HTTP][0m[2m (b058fd35)[0m → GET /api/v1/appearance/config[2m {"method":"GET","path":"/api/v1/appearance/config","userAgent":"Mozilla/5.0 (Windows NT 10.0; Win64; x64) AppleWebKit/537.36 (KHTML, like Gecko) Chrome/153.0.8010.1"}[0m
[2m12:29:48.847[0m [32m[1mINFO [0m [35m[HTTP][0m[2m (b058fd35)[0m ← GET /api/v1/appearance/config 200 26ms[2m {"method":"GET","path":"/api/v1/appearance/config","status":200,"durationMs":26}[0m
[32m[wrangler:info][39m [0m[1mGET[22m /api/v1/appearance/config [32m[1m200[22m OK [39m[90m(31ms)[39m[0m
[2m12:29:48.894[0m [36m[1mDEBUG[0m [35m[HTTP][0m[2m (b3d1c8cf)[0m → OPTIONS /api/v1/users/me[2m {"method":"OPTIONS","path":"/api/v1/users/me","userAgent":"Mozilla/5.0 (Windows NT 10.0; Win64; x64) AppleWebKit/537.36 (KHTML, like Gecko) Chrome/153.0.8010.1"}[0m
[2m12:29:48.895[0m [32m[1mINFO [0m [35m[HTTP][0m[2m (b3d1c8cf)[0m ← OPTIONS /api/v1/users/me 204 1ms[2m {"method":"OPTIONS","path":"/api/v1/users/me","status":204,"durationMs":1}[0m
[32m[wrangler:info][39m [0m[1mOPTIONS[22m /api/v1/users/me [32m[1m204[22m No Content [39m[90m(9ms)[39m[0m
[2m12:29:48.902[0m [36m[1mDEBUG[0m [35m[HTTP][0m[2m (16fe59cc)[0m → GET /api/v1/users/me[2m {"method":"GET","path":"/api/v1/users/me","userAgent":"Mozilla/5.0 (Windows NT 10.0; Win64; x64) AppleWebKit/537.36 (KHTML, like Gecko) Chrome/153.0.8010.1"}[0m
[2m12:29:48.906[0m [32m[1mINFO [0m [35m[HTTP][0m[2m (16fe59cc)[0m ← GET /api/v1/users/me 200 5ms[2m {"method":"GET","path":"/api/v1/users/me","status":200,"durationMs":5}[0m
[32m[wrangler:info][39m [0m[1mGET[22m /api/v1/users/me [32m[1m200[22m OK [39m[90m(9ms)[39m[0m
[32m[wrangler:info][39m [0m[1mGET[22m /api/v1/health [32m[1m200[22m OK [39m[90m(6ms)[39m[0m
[2m12:29:48.918[0m [36m[1mDEBUG[0m [35m[HTTP][0m[2m (114691f9)[0m → OPTIONS /api/v1/config/features[2m {"method":"OPTIONS","path":"/api/v1/config/features","userAgent":"Mozilla/5.0 (Windows NT 10.0; Win64; x64) AppleWebKit/537.36 (KHTML, like Gecko) Chrome/153.0.8010.1"}[0m
[2m12:29:48.919[0m [32m[1mINFO [0m [35m[HTTP][0m[2m (114691f9)[0m ← OPTIONS /api/v1/config/features 204 0ms[2m {"method":"OPTIONS","path":"/api/v1/config/features","status":204,"durationMs":0}[0m
[2m12:29:48.920[0m [36m[1mDEBUG[0m [35m[HTTP][0m[2m (30890a48)[0m → OPTIONS /api/v1/appearance/preference[2m {"method":"OPTIONS","path":"/api/v1/appearance/preference","userAgent":"Mozilla/5.0 (Windows NT 10.0; Win64; x64) AppleWebKit/537.36 (KHTML, like Gecko) Chrome/153.0.8010.1"}[0m
[2m12:29:48.921[0m [32m[1mINFO [0m [35m[HTTP][0m[2m (30890a48)[0m ← OPTIONS /api/v1/appearance/preference 204 1ms[2m {"method":"OPTIONS","path":"/api/v1/appearance/preference","status":204,"durationMs":1}[0m
[32m[wrangler:info][39m [0m[1mOPTIONS[22m /api/v1/config/features [32m[1m204[22m No Content [39m[90m(5ms)[39m[0m
[32m[wrangler:info][39m [0m[1mOPTIONS[22m /api/v1/appearance/preference [32m[1m204[22m No Content [39m[90m(6ms)[39m[0m
[2m12:29:48.924[0m [36m[1mDEBUG[0m [35m[HTTP][0m[2m (103f6cc6)[0m → GET /api/v1/config/features[2m {"method":"GET","path":"/api/v1/config/features","userAgent":"Mozilla/5.0 (Windows NT 10.0; Win64; x64) AppleWebKit/537.36 (KHTML, like Gecko) Chrome/153.0.8010.1"}[0m
[2m12:29:48.937[0m [32m[1mINFO [0m [35m[HTTP][0m[2m (103f6cc6)[0m ← GET /api/v1/config/features 200 12ms[2m {"method":"GET","path":"/api/v1/config/features","status":200,"durationMs":12}[0m
[2m12:29:48.937[0m [36m[1mDEBUG[0m [35m[HTTP][0m[2m (354565a3)[0m → GET /api/v1/appearance/preference[2m {"method":"GET","path":"/api/v1/appearance/preference","userAgent":"Mozilla/5.0 (Windows NT 10.0; Win64; x64) AppleWebKit/537.36 (KHTML, like Gecko) Chrome/153.0.8010.1"}[0m
[32m[wrangler:info][39m [0m[1mGET[22m /api/v1/config/features [32m[1m200[22m OK [39m[90m(15ms)[39m[0m
[2m12:29:48.943[0m [32m[1mINFO [0m [35m[HTTP][0m[2m (354565a3)[0m ← GET /api/v1/appearance/preference 200 6ms[2m {"method":"GET","path":"/api/v1/appearance/preference","status":200,"durationMs":6}[0m
[32m[wrangler:info][39m [0m[1mGET[22m /api/v1/appearance/preference [32m[1m200[22m OK [39m[90m(23ms)[39m[0m
[2m12:29:49.088[0m [36m[1mDEBUG[0m [35m[HTTP][0m[2m (d46afbd0)[0m → GET /api/v1/users/me[2m {"method":"GET","path":"/api/v1/users/me","userAgent":"Mozilla/5.0 (Windows NT 10.0; Win64; x64) AppleWebKit/537.36 (KHTML, like Gecko) Chrome/153.0.8010.1"}[0m
[2m12:29:49.093[0m [32m[1mINFO [0m [35m[HTTP][0m[2m (d46afbd0)[0m ← GET /api/v1/users/me 200 5ms[2m {"method":"GET","path":"/api/v1/users/me","status":200,"durationMs":5}[0m
[32m[wrangler:info][39m [0m[1mGET[22m /api/v1/users/me [32m[1m200[22m OK [39m[90m(7ms)[39m[0m
[2m12:29:49.117[0m [36m[1mDEBUG[0m [35m[HTTP][0m[2m (5b31558b)[0m → OPTIONS /api/v1/announcements/unread-count[2m {"method":"OPTIONS","path":"/api/v1/announcements/unread-count","userAgent":"Mozilla/5.0 (Windows NT 10.0; Win64; x64) AppleWebKit/537.36 (KHTML, like Gecko) Chrome/153.0.8010.1"}[0m
[2m12:29:49.119[0m [32m[1mINFO [0m [35m[HTTP][0m[2m (5b31558b)[0m ← OPTIONS /api/v1/announcements/unread-count 204 1ms[2m {"method":"OPTIONS","path":"/api/v1/announcements/unread-count","status":204,"durationMs":1}[0m
[32m[wrangler:info][39m [0m[1mOPTIONS[22m /api/v1/announcements/unread-count [32m[1m204[22m No Content [39m[90m(4ms)[39m[0m
[2m12:29:49.126[0m [36m[1mDEBUG[0m [35m[HTTP][0m[2m (41d8378f)[0m → GET /api/v1/announcements/unread-count[2m {"method":"GET","path":"/api/v1/announcements/unread-count","userAgent":"Mozilla/5.0 (Windows NT 10.0; Win64; x64) AppleWebKit/537.36 (KHTML, like Gecko) Chrome/153.0.8010.1"}[0m
[2m12:29:49.140[0m [32m[1mINFO [0m [35m[HTTP][0m[2m (41d8378f)[0m ← GET /api/v1/announcements/unread-count 200 14ms[2m {"method":"GET","path":"/api/v1/announcements/unread-count","status":200,"durationMs":14}[0m
[32m[wrangler:info][39m [0m[1mGET[22m /api/v1/announcements/unread-count [32m[1m200[22m OK [39m[90m(21ms)[39m[0m
[2m12:29:49.164[0m [36m[1mDEBUG[0m [35m[HTTP][0m[2m (18957e43)[0m → OPTIONS /api/v1/projects[2m {"method":"OPTIONS","path":"/api/v1/projects","userAgent":"Mozilla/5.0 (Windows NT 10.0; Win64; x64) AppleWebKit/537.36 (KHTML, like Gecko) Chrome/153.0.8010.1"}[0m
[2m12:29:49.165[0m [32m[1mINFO [0m [35m[HTTP][0m[2m (18957e43)[0m ← OPTIONS /api/v1/projects 204 1ms[2m {"method":"OPTIONS","path":"/api/v1/projects","status":204,"durationMs":1}[0m
[32m[wrangler:info][39m [0m[1mOPTIONS[22m /api/v1/projects [32m[1m204[22m No Content [39m[90m(7ms)[39m[0m
[2m12:29:49.190[0m [36m[1mDEBUG[0m [35m[HTTP][0m[2m (bf1d8759)[0m → GET /api/v1/projects[2m {"method":"GET","path":"/api/v1/projects","userAgent":"Mozilla/5.0 (Windows NT 10.0; Win64; x64) AppleWebKit/537.36 (KHTML, like Gecko) Chrome/153.0.8010.1"}[0m
[2m12:29:49.209[0m [32m[1mINFO [0m [35m[HTTP][0m[2m (bf1d8759)[0m ← GET /api/v1/projects 200 19ms[2m {"method":"GET","path":"/api/v1/projects","status":200,"durationMs":19}[0m
[32m[wrangler:info][39m [0m[1mGET[22m /api/v1/projects [32m[1m200[22m OK [39m[90m(40ms)[39m[0m
[2m12:29:49.229[0m [36m[1mDEBUG[0m [35m[HTTP][0m[2m (f69b5d18)[0m → OPTIONS /api/v1/collaboration/invitations[2m {"method":"OPTIONS","path":"/api/v1/collaboration/invitations","userAgent":"Mozilla/5.0 (Windows NT 10.0; Win64; x64) AppleWebKit/537.36 (KHTML, like Gecko) Chrome/153.0.8010.1"}[0m
[2m12:29:49.230[0m [32m[1mINFO [0m [35m[HTTP][0m[2m (f69b5d18)[0m ← OPTIONS /api/v1/collaboration/invitations 204 1ms[2m {"method":"OPTIONS","path":"/api/v1/collaboration/invitations","status":204,"durationMs":1}[0m
[2m12:29:49.231[0m [36m[1mDEBUG[0m [35m[HTTP][0m[2m (a89fab24)[0m → OPTIONS /api/v1/collaboration/collaborated[2m {"method":"OPTIONS","path":"/api/v1/collaboration/collaborated","userAgent":"Mozilla/5.0 (Windows NT 10.0; Win64; x64) AppleWebKit/537.36 (KHTML, like Gecko) Chrome/153.0.8010.1"}[0m
[2m12:29:49.231[0m [32m[1mINFO [0m [35m[HTTP][0m[2m (a89fab24)[0m ← OPTIONS /api/v1/collaboration/collaborated 204 0ms[2m {"method":"OPTIONS","path":"/api/v1/collaboration/collaborated","status":204,"durationMs":0}[0m
[32m[wrangler:info][39m [0m[1mOPTIONS[22m /api/v1/collaboration/invitations [32m[1m204[22m No Content [39m[90m(10ms)[39m[0m
[32m[wrangler:info][39m [0m[1mOPTIONS[22m /api/v1/collaboration/collaborated [32m[1m204[22m No Content [39m[90m(11ms)[39m[0m
[2m12:29:49.240[0m [36m[1mDEBUG[0m [35m[HTTP][0m[2m (78826af6)[0m → GET /api/v1/collaboration/invitations[2m {"method":"GET","path":"/api/v1/collaboration/invitations","userAgent":"Mozilla/5.0 (Windows NT 10.0; Win64; x64) AppleWebKit/537.36 (KHTML, like Gecko) Chrome/153.0.8010.1"}[0m
[2m12:29:49.240[0m [36m[1mDEBUG[0m [35m[HTTP][0m[2m (6a9d66a2)[0m → GET /api/v1/collaboration/collaborated[2m {"method":"GET","path":"/api/v1/collaboration/collaborated","userAgent":"Mozilla/5.0 (Windows NT 10.0; Win64; x64) AppleWebKit/537.36 (KHTML, like Gecko) Chrome/153.0.8010.1"}[0m
[2m12:29:49.245[0m [32m[1mINFO [0m [35m[HTTP][0m[2m (78826af6)[0m ← GET /api/v1/collaboration/invitations 200 5ms[2m {"method":"GET","path":"/api/v1/collaboration/invitations","status":200,"durationMs":5}[0m
[2m12:29:49.246[0m [32m[1mINFO [0m [35m[HTTP][0m[2m (6a9d66a2)[0m ← GET /api/v1/collaboration/collaborated 200 6ms[2m {"method":"GET","path":"/api/v1/collaboration/collaborated","status":200,"durationMs":6}[0m
[32m[wrangler:info][39m [0m[1mGET[22m /api/v1/collaboration/invitations [32m[1m200[22m OK [39m[90m(10ms)[39m[0m
[32m[wrangler:info][39m [0m[1mGET[22m /api/v1/collaboration/collaborated [32m[1m200[22m OK [39m[90m(9ms)[39m[0m
[2m12:29:49.281[0m [36m[1mDEBUG[0m [35m[HTTP][0m[2m (ba0ac84c)[0m → GET /api/v1/users/me[2m {"method":"GET","path":"/api/v1/users/me","userAgent":"Mozilla/5.0 (Windows NT 10.0; Win64; x64) AppleWebKit/537.36 (KHTML, like Gecko) Chrome/153.0.8010.1"}[0m
[2m12:29:49.283[0m [32m[1mINFO [0m [35m[HTTP][0m[2m (ba0ac84c)[0m ← GET /api/v1/users/me 200 2ms[2m {"method":"GET","path":"/api/v1/users/me","status":200,"durationMs":2}[0m
[32m[wrangler:info][39m [0m[1mGET[22m /api/v1/users/me [32m[1m200[22m OK [39m[90m(5ms)[39m[0m
[2m12:29:49.581[0m [36m[1mDEBUG[0m [35m[HTTP][0m[2m (c198b822)[0m → GET /api/v1/appearance/config[2m {"method":"GET","path":"/api/v1/appearance/config","userAgent":"Mozilla/5.0 (Windows NT 10.0; Win64; x64) AppleWebKit/537.36 (KHTML, like Gecko) Chrome/153.0.8010.1"}[0m
[2m12:29:49.595[0m [32m[1mINFO [0m [35m[HTTP][0m[2m (c198b822)[0m ← GET /api/v1/appearance/config 200 14ms[2m {"method":"GET","path":"/api/v1/appearance/config","status":200,"durationMs":14}[0m
[32m[wrangler:info][39m [0m[1mGET[22m /api/v1/appearance/config [32m[1m200[22m OK [39m[90m(21ms)[39m[0m
[2m12:29:49.641[0m [36m[1mDEBUG[0m [35m[HTTP][0m[2m (57e88368)[0m → GET /api/v1/users/me[2m {"method":"GET","path":"/api/v1/users/me","userAgent":"Mozilla/5.0 (Windows NT 10.0; Win64; x64) AppleWebKit/537.36 (KHTML, like Gecko) Chrome/153.0.8010.1"}[0m
[2m12:29:49.644[0m [32m[1mINFO [0m [35m[HTTP][0m[2m (57e88368)[0m ← GET /api/v1/users/me 200 3ms[2m {"method":"GET","path":"/api/v1/users/me","status":200,"durationMs":3}[0m
[32m[wrangler:info][39m [0m[1mGET[22m /api/v1/users/me [32m[1m200[22m OK [39m[90m(6ms)[39m[0m
[2m12:29:49.645[0m [36m[1mDEBUG[0m [35m[HTTP][0m[2m (0df457aa)[0m → GET /api/v1/config/features[2m {"method":"GET","path":"/api/v1/config/features","userAgent":"Mozilla/5.0 (Windows NT 10.0; Win64; x64) AppleWebKit/537.36 (KHTML, like Gecko) Chrome/153.0.8010.1"}[0m
[2m12:29:49.650[0m [36m[1mDEBUG[0m [35m[HTTP][0m[2m (51a929bb)[0m → GET /api/v1/appearance/preference[2m {"method":"GET","path":"/api/v1/appearance/preference","userAgent":"Mozilla/5.0 (Windows NT 10.0; Win64; x64) AppleWebKit/537.36 (KHTML, like Gecko) Chrome/153.0.8010.1"}[0m
[2m12:29:49.656[0m [32m[1mINFO [0m [35m[HTTP][0m[2m (0df457aa)[0m ← GET /api/v1/config/features 200 11ms[2m {"method":"GET","path":"/api/v1/config/features","status":200,"durationMs":11}[0m
[2m12:29:49.656[0m [32m[1mINFO [0m [35m[HTTP][0m[2m (51a929bb)[0m ← GET /api/v1/appearance/preference 200 6ms[2m {"method":"GET","path":"/api/v1/appearance/preference","status":200,"durationMs":6}[0m
[2m12:29:49.657[0m [36m[1mDEBUG[0m [35m[HTTP][0m[2m (2dccf031)[0m → GET /api/v1/users/me[2m {"method":"GET","path":"/api/v1/users/me","userAgent":"Mozilla/5.0 (Windows NT 10.0; Win64; x64) AppleWebKit/537.36 (KHTML, like Gecko) Chrome/153.0.8010.1"}[0m
[32m[wrangler:info][39m [0m[1mGET[22m /api/v1/config/features [32m[1m200[22m OK [39m[90m(16ms)[39m[0m
[32m[wrangler:info][39m [0m[1mGET[22m /api/v1/appearance/preference [32m[1m200[22m OK [39m[90m(16ms)[39m[0m
[32m[wrangler:info][39m [0m[1mGET[22m /api/v1/health [32m[1m200[22m OK [39m[90m(12ms)[39m[0m
[2m12:29:49.662[0m [32m[1mINFO [0m [35m[HTTP][0m[2m (2dccf031)[0m ← GET /api/v1/users/me 200 5ms[2m {"method":"GET","path":"/api/v1/users/me","status":200,"durationMs":5}[0m
[32m[wrangler:info][39m [0m[1mGET[22m /api/v1/users/me [32m[1m200[22m OK [39m[90m(17ms)[39m[0m
[2m12:29:49.707[0m [36m[1mDEBUG[0m [35m[HTTP][0m[2m (c2defcbd)[0m → GET /api/v1/announcements/unread-count[2m {"method":"GET","path":"/api/v1/announcements/unread-count","userAgent":"Mozilla/5.0 (Windows NT 10.0; Win64; x64) AppleWebKit/537.36 (KHTML, like Gecko) Chrome/153.0.8010.1"}[0m
[2m12:29:49.718[0m [32m[1mINFO [0m [35m[HTTP][0m[2m (c2defcbd)[0m ← GET /api/v1/announcements/unread-count 200 11ms[2m {"method":"GET","path":"/api/v1/announcements/unread-count","status":200,"durationMs":11}[0m
[32m[wrangler:info][39m [0m[1mGET[22m /api/v1/announcements/unread-count [32m[1m200[22m OK [39m[90m(24ms)[39m[0m
[2m12:29:49.962[0m [36m[1mDEBUG[0m [35m[HTTP][0m[2m (4fe1b7ca)[0m → POST /api/v1/projects[2m {"method":"POST","path":"/api/v1/projects","userAgent":"Mozilla/5.0 (Windows NT 10.0; Win64; x64) AppleWebKit/537.36 (KHTML, like Gecko) Chrome/153.0.8010.1","requestSize":"58 B"}[0m
[2m12:29:49.968[0m [32m[1mINFO [0m [35m[HTTP][0m[2m (4fe1b7ca)[0m ← POST /api/v1/projects 201 7ms[2m {"method":"POST","path":"/api/v1/projects","status":201,"durationMs":7}[0m
[32m[wrangler:info][39m [0m[1mPOST[22m /api/v1/projects [32m[1m201[22m Created [39m[90m(9ms)[39m[0m
[2m12:29:50.091[0m [36m[1mDEBUG[0m [35m[HTTP][0m[2m (9f897289)[0m → GET /api/v1/ws/yjs[2m {"method":"GET","path":"/api/v1/ws/yjs","userAgent":"Mozilla/5.0 (Windows NT 10.0; Win64; x64) AppleWebKit/537.36 (KHTML, like Gecko) Chrome/153.0.8010.1"}[0m
[2m12:29:50.093[0m [36m[1mDEBUG[0m [35m[YjsWorker][0m[2m (9f897289)[0m Routing WebSocket to project DO: testuser-test-1790425787431-g1r1yo:admin-doomed-muidacme for document: testuser-test-1790425787431-g1r1yo:admin-doomed-muidacme:readme-001/
[2m12:29:50.097[0m [36m[1mDEBUG[0m [35m[YjsProjectDO][0m WS connected: testuser-test-1790425787431-g1r1yo:admin-doomed-muidacme:readme-001, awaiting authentication... (1 total connections, DO: testuser-test-1790425787431-g1r1yo:admin-doomed-muidacme)
[2m12:29:50.098[0m [32m[1mINFO [0m [35m[HTTP][0m[2m (9f897289)[0m ← GET /api/v1/ws/yjs 101 7ms[2m {"method":"GET","path":"/api/v1/ws/yjs","status":101,"durationMs":7}[0m
[2m12:29:50.099[0m [36m[1mDEBUG[0m [35m[HTTP][0m[2m (be8fbb85)[0m → GET /api/v1/users/me[2m {"method":"GET","path":"/api/v1/users/me","userAgent":"Mozilla/5.0 (Windows NT 10.0; Win64; x64) AppleWebKit/537.36 (KHTML, like Gecko) Chrome/153.0.8010.1"}[0m
[32m[wrangler:info][39m [0m[1mGET[22m /api/v1/ws/yjs [34m[1m101[22m Switching Protocols [39m[90m(11ms)[39m[0m
[2m12:29:50.103[0m [32m[1mINFO [0m [35m[HTTP][0m[2m (be8fbb85)[0m ← GET /api/v1/users/me 200 4ms[2m {"method":"GET","path":"/api/v1/users/me","status":200,"durationMs":4}[0m
[2m12:29:50.104[0m [36m[1mDEBUG[0m [35m[YjsProjectDO][0m getSecret check[2m {"hasDatabaseKey":false,"hasSessionSecret":true,"secretLength":53}[0m
[32m[wrangler:info][39m [0m[1mGET[22m /api/v1/users/me [32m[1m200[22m OK [39m[90m(13ms)[39m[0m
[2m12:29:50.113[0m [32m[1mINFO [0m [35m[YjsProjectDO][0m Collaborator testuser-test-1790425787431-g1r1yo (null, canWrite: true) accessing testuser-test-1790425787431-g1r1yo/admin-doomed-muidacme
[2m12:29:50.113[0m [36m[1mDEBUG[0m [35m[YjsProjectDO][0m WS authenticated for testuser-test-1790425787431-g1r1yo:admin-doomed-muidacme:readme-001 (user: testuser-test-1790425787431-g1r1yo, canWrite: true)
[2m12:29:50.114[0m [36m[1mDEBUG[0m [35m[YjsProjectDO][0m No persisted updates found for testuser-test-1790425787431-g1r1yo:admin-doomed-muidacme:readme-001 - starting fresh
[2m12:29:50.114[0m [36m[1mDEBUG[0m [35m[YjsProjectDO][0m Created new shared doc for testuser-test-1790425787431-g1r1yo:admin-doomed-muidacme:readme-001
[2m12:29:50.115[0m [36m[1mDEBUG[0m [35m[YjsProjectDO][0m 📤 Sent sync step 1 for testuser-test-1790425787431-g1r1yo:admin-doomed-muidacme:readme-001 (4 bytes)
[2m12:29:50.118[0m [36m[1mDEBUG[0m [35m[YjsProjectDO][0m Writing session started c442ea2c-3ea8-40bb-acd0-41f1cec89a42 for testuser-test-1790425787431-g1r1yo:admin-doomed-muidacme:readme-001 (start words: 0)
[2m12:29:50.119[0m [36m[1mDEBUG[0m [35m[YjsProjectDO][0m Yjs sync started for testuser-test-1790425787431-g1r1yo:admin-doomed-muidacme:readme-001 (1 docs in DO)
[2m12:29:50.119[0m [36m[1mDEBUG[0m [35m[YjsProjectDO][0m Compacted document testuser-test-1790425787431-g1r1yo:admin-doomed-muidacme:readme-001: 1/1 update rows merged into snapshot
[2m12:29:50.142[0m [36m[1mDEBUG[0m [35m[YjsProjectDO][0m Writing session finalized c442ea2c-3ea8-40bb-acd0-41f1cec89a42 for testuser-test-1790425787431-g1r1yo:admin-doomed-muidacme:readme-001 (end words: 185, delta: 185)
[2m12:29:50.143[0m [36m[1mDEBUG[0m [35m[YjsProjectDO][0m No persisted updates found for testuser-test-1790425787431-g1r1yo:admin-doomed-muidacme:elements/ - starting fresh
[2m12:29:50.145[0m [36m[1mDEBUG[0m [35m[YjsProjectDO][0m Created new shared doc for testuser-test-1790425787431-g1r1yo:admin-doomed-muidacme:elements/
[2m12:29:50.298[0m [36m[1mDEBUG[0m [35m[HTTP][0m[2m (b84c57a0)[0m → GET /api/v1/announcements/unread-count[2m {"method":"GET","path":"/api/v1/announcements/unread-count","userAgent":"Mozilla/5.0 (Windows NT 10.0; Win64; x64) AppleWebKit/537.36 (KHTML, like Gecko) Chrome/153.0.8010.1"}[0m
[2m12:29:50.305[0m [32m[1mINFO [0m [35m[HTTP][0m[2m (b84c57a0)[0m ← GET /api/v1/announcements/unread-count 200 7ms[2m {"method":"GET","path":"/api/v1/announcements/unread-count","status":200,"durationMs":7}[0m
[32m[wrangler:info][39m [0m[1mGET[22m /api/v1/announcements/unread-count [32m[1m200[22m OK [39m[90m(9ms)[39m[0m
[2m12:29:50.380[0m [36m[1mDEBUG[0m [35m[HTTP][0m[2m (ff9fc693)[0m → OPTIONS /api/v1/media/testuser-test-1790425787431-g1r1yo/admin-doomed-muidacme[2m {"method":"OPTIONS","path":"/api/v1/media/testuser-test-1790425787431-g1r1yo/admin-doomed-muidacme","userAgent":"Mozilla/5.0 (Windows NT 10.0; Win64; x64) AppleWebKit/537.36 (KHTML, like Gecko) Chrome/153.0.8010.1"}[0m
[2m12:29:50.380[0m [32m[1mINFO [0m [35m[HTTP][0m[2m (ff9fc693)[0m ← OPTIONS /api/v1/media/testuser-test-1790425787431-g1r1yo/admin-doomed-muidacme 204 0ms[2m {"method":"OPTIONS","path":"/api/v1/media/testuser-test-1790425787431-g1r1yo/admin-doomed-muidacme","status":204,"durationMs":0}[0m
[32m[wrangler:info][39m [0m[1mOPTIONS[22m /api/v1/media/testuser-test-1790425787431-g1r1yo/admin-doomed-muidacme [32m[1m204[22m No Content [39m[90m(30ms)[39m[0m
[2m12:29:50.383[0m [36m[1mDEBUG[0m [35m[HTTP][0m[2m (e75bd9d7)[0m → OPTIONS /api/v1/projects/testuser-test-1790425787431-g1r1yo/admin-doomed-muidacme[2m {"method":"OPTIONS","path":"/api/v1/projects/testuser-test-1790425787431-g1r1yo/admin-doomed-muidacme","userAgent":"Mozilla/5.0 (Windows NT 10.0; Win64; x64) AppleWebKit/537.36 (KHTML, like Gecko) Chrome/153.0.8010.1"}[0m
[2m12:29:50.383[0m [32m[1mINFO [0m [35m[HTTP][0m[2m (e75bd9d7)[0m ← OPTIONS /api/v1/projects/testuser-test-1790425787431-g1r1yo/admin-doomed-muidacme 204 1ms[2m {"method":"OPTIONS","path":"/api/v1/projects/testuser-test-1790425787431-g1r1yo/admin-doomed-muidacme","status":204,"durationMs":1}[0m
[2m12:29:50.384[0m [36m[1mDEBUG[0m [35m[HTTP][0m[2m (19590c84)[0m → GET /api/v1/ws/yjs[2m {"method":"GET","path":"/api/v1/ws/yjs","userAgent":"Mozilla/5.0 (Windows NT 10.0; Win64; x64) AppleWebKit/537.36 (KHTML, like Gecko) Chrome/153.0.8010.1"}[0m
[2m12:29:50.384[0m [36m[1mDEBUG[0m [35m[YjsWorker][0m[2m (19590c84)[0m Routing WebSocket to project DO: testuser-test-1790425787431-g1r1yo:admin-doomed-muidacme for document: testuser-test-1790425787431-g1r1yo:admin-doomed-muidacme:elements/
[2m12:29:50.385[0m [36m[1mDEBUG[0m [35m[YjsProjectDO][0m WS connected: testuser-test-1790425787431-g1r1yo:admin-doomed-muidacme:elements, awaiting authentication... (1 total connections, DO: testuser-test-1790425787431-g1r1yo:admin-doomed-muidacme)
[2m12:29:50.385[0m [32m[1mINFO [0m [35m[HTTP][0m[2m (19590c84)[0m ← GET /api/v1/ws/yjs 101 1ms[2m {"method":"GET","path":"/api/v1/ws/yjs","status":101,"durationMs":1}[0m
[2m12:29:50.387[0m [36m[1mDEBUG[0m [35m[HTTP][0m[2m (c9bab2ad)[0m → GET /api/v1/media/testuser-test-1790425787431-g1r1yo/admin-doomed-muidacme[2m {"method":"GET","path":"/api/v1/media/testuser-test-1790425787431-g1r1yo/admin-doomed-muidacme","userAgent":"Mozilla/5.0 (Windows NT 10.0; Win64; x64) AppleWebKit/537.36 (KHTML, like Gecko) Chrome/153.0.8010.1"}[0m
[32m[wrangler:info][39m [0m[1mGET[22m /api/v1/ws/yjs [34m[1m101[22m Switching Protocols [39m[90m(10ms)[39m[0m
[32m[wrangler:info][39m [0m[1mOPTIONS[22m /api/v1/projects/testuser-test-1790425787431-g1r1yo/admin-doomed-muidacme [32m[1m204[22m No Content [39m[90m(21ms)[39m[0m
[2m12:29:50.403[0m [32m[1mINFO [0m [35m[HTTP][0m[2m (c9bab2ad)[0m ← GET /api/v1/media/testuser-test-1790425787431-g1r1yo/admin-doomed-muidacme 200 16ms[2m {"method":"GET","path":"/api/v1/media/testuser-test-1790425787431-g1r1yo/admin-doomed-muidacme","status":200,"durationMs":16}[0m
[32m[wrangler:info][39m [0m[1mGET[22m /api/v1/media/testuser-test-1790425787431-g1r1yo/admin-doomed-muidacme [32m[1m200[22m OK [39m[90m(20ms)[39m[0m
[2m12:29:50.405[0m [36m[1mDEBUG[0m [35m[HTTP][0m[2m (503e67de)[0m → GET /api/v1/projects/testuser-test-1790425787431-g1r1yo/admin-doomed-muidacme[2m {"method":"GET","path":"/api/v1/projects/testuser-test-1790425787431-g1r1yo/admin-doomed-muidacme","userAgent":"Mozilla/5.0 (Windows NT 10.0; Win64; x64) AppleWebKit/537.36 (KHTML, like Gecko) Chrome/153.0.8010.1"}[0m
[2m12:29:50.412[0m [32m[1mINFO [0m [35m[HTTP][0m[2m (503e67de)[0m ← GET /api/v1/projects/testuser-test-1790425787431-g1r1yo/admin-doomed-muidacme 200 7ms[2m {"method":"GET","path":"/api/v1/projects/testuser-test-1790425787431-g1r1yo/admin-doomed-muidacme","status":200,"durationMs":7}[0m
[32m[wrangler:info][39m [0m[1mGET[22m /api/v1/projects/testuser-test-1790425787431-g1r1yo/admin-doomed-muidacme [32m[1m200[22m OK [39m[90m(22ms)[39m[0m
[2m12:29:50.444[0m [36m[1mDEBUG[0m [35m[YjsProjectDO][0m getSecret check[2m {"hasDatabaseKey":false,"hasSessionSecret":true,"secretLength":53}[0m
[2m12:29:50.447[0m [32m[1mINFO [0m [35m[YjsProjectDO][0m Collaborator testuser-test-1790425787431-g1r1yo (null, canWrite: true) accessing testuser-test-1790425787431-g1r1yo/admin-doomed-muidacme
[2m12:29:50.447[0m [36m[1mDEBUG[0m [35m[YjsProjectDO][0m WS authenticated for testuser-test-1790425787431-g1r1yo:admin-doomed-muidacme:elements (user: testuser-test-1790425787431-g1r1yo, canWrite: true)
[2m12:29:50.448[0m [36m[1mDEBUG[0m [35m[YjsProjectDO][0m No persisted updates found for testuser-test-1790425787431-g1r1yo:admin-doomed-muidacme:elements - starting fresh
[2m12:29:50.448[0m [36m[1mDEBUG[0m [35m[YjsProjectDO][0m Created new shared doc for testuser-test-1790425787431-g1r1yo:admin-doomed-muidacme:elements
[2m12:29:50.448[0m [36m[1mDEBUG[0m [35m[YjsProjectDO][0m 📤 Sent sync step 1 for testuser-test-1790425787431-g1r1yo:admin-doomed-muidacme:elements (4 bytes)
[2m12:29:50.449[0m [36m[1mDEBUG[0m [35m[YjsProjectDO][0m Yjs sync started for testuser-test-1790425787431-g1r1yo:admin-doomed-muidacme:elements (3 docs in DO)
[2m12:29:50.450[0m [36m[1mDEBUG[0m [35m[YjsProjectDO][0m Compacted document testuser-test-1790425787431-g1r1yo:admin-doomed-muidacme:elements: 1/1 update rows merged into snapshot
[2m12:29:50.461[0m [36m[1mDEBUG[0m [35m[HTTP][0m[2m (81a208fe)[0m → GET /api/v1/projects/testuser-test-1790425787431-g1r1yo/admin-doomed-muidacme/docs/sync-manifest[2m {"method":"GET","path":"/api/v1/projects/testuser-test-1790425787431-g1r1yo/admin-doomed-muidacme/docs/sync-manifest","userAgent":"Mozilla/5.0 (Windows NT 10.0; Win64; x64) AppleWebKit/537.36 (KHTML, like Gecko) Chrome/153.0.8010.1"}[0m
[DO-HTTP] GET /api/revisions
[DO-HTTP] Verifying token...
[2m12:29:50.474[0m [36m[1mDEBUG[0m [35m[YjsProjectDO][0m getSecret check[2m {"hasDatabaseKey":false,"hasSessionSecret":true,"secretLength":53}[0m
[DO-HTTP] Token verified, user: testuser-test-1790425787431-g1r1yo
[DO-HTTP] documentId: testuser-test-1790425787431-g1r1yo:admin-doomed-muidacme:elements
[DO-HTTP] projectId: testuser-test-1790425787431-g1r1yo:admin-doomed-muidacme
[2m12:29:50.482[0m [32m[1mINFO [0m [35m[HTTP][0m[2m (81a208fe)[0m ← GET /api/v1/projects/testuser-test-1790425787431-g1r1yo/admin-doomed-muidacme/docs/sync-manifest 200 21ms[2m {"method":"GET","path":"/api/v1/projects/testuser-test-1790425787431-g1r1yo/admin-doomed-muidacme/docs/sync-manifest","status":200,"durationMs":21}[0m
[32m[wrangler:info][39m [0m[1mGET[22m /api/v1/projects/testuser-test-1790425787431-g1r1yo/admin-doomed-muidacme/docs/sync-manifest [32m[1m200[22m OK [39m[90m(25ms)[39m[0m
[2m12:29:50.624[0m [36m[1mDEBUG[0m [35m[HTTP][0m[2m (05da574f)[0m → GET /api/v1/projects/testuser-test-1790425787431-g1r1yo/admin-doomed-muidacme/docs/sync-manifest[2m {"method":"GET","path":"/api/v1/projects/testuser-test-1790425787431-g1r1yo/admin-doomed-muidacme/docs/sync-manifest","userAgent":"Mozilla/5.0 (Windows NT 10.0; Win64; x64) AppleWebKit/537.36 (KHTML, like Gecko) Chrome/153.0.8010.1"}[0m
[DO-HTTP] GET /api/revisions
[DO-HTTP] Verifying token...
[2m12:29:50.633[0m [36m[1mDEBUG[0m [35m[YjsProjectDO][0m getSecret check[2m {"hasDatabaseKey":false,"hasSessionSecret":true,"secretLength":53}[0m
[DO-HTTP] Token verified, user: testuser-test-1790425787431-g1r1yo
[DO-HTTP] documentId: testuser-test-1790425787431-g1r1yo:admin-doomed-muidacme:elements
[DO-HTTP] projectId: testuser-test-1790425787431-g1r1yo:admin-doomed-muidacme
[2m12:29:50.637[0m [32m[1mINFO [0m [35m[HTTP][0m[2m (05da574f)[0m ← GET /api/v1/projects/testuser-test-1790425787431-g1r1yo/admin-doomed-muidacme/docs/sync-manifest 200 13ms[2m {"method":"GET","path":"/api/v1/projects/testuser-test-1790425787431-g1r1yo/admin-doomed-muidacme/docs/sync-manifest","status":200,"durationMs":13}[0m
[32m[wrangler:info][39m [0m[1mGET[22m /api/v1/projects/testuser-test-1790425787431-g1r1yo/admin-doomed-muidacme/docs/sync-manifest [32m[1m200[22m OK [39m[90m(15ms)[39m[0m
[2m12:29:50.653[0m [36m[1mDEBUG[0m [35m[HTTP][0m[2m (5ab1bc35)[0m → DELETE /api/v1/admin/users/9667df72-5821-4af9-a8aa-8878cd34efdf[2m {"method":"DELETE","path":"/api/v1/admin/users/9667df72-5821-4af9-a8aa-8878cd34efdf","userAgent":"Mozilla/5.0 (Windows NT 10.0; Win64; x64) AppleWebKit/537.36 (KHTML, like Gecko) Chrome/153.0.8010.1"}[0m
[2m12:29:50.658[0m [32m[1mINFO [0m [35m[Yjs][0m[2m (5ab1bc35)[0m Destroying project documents: testuser-test-1790425787431-g1r1yo:admin-doomed-muidacme
[DO-HTTP] POST /api/destroy
[DO-HTTP] Verifying token...
[2m12:29:50.659[0m [36m[1mDEBUG[0m [35m[YjsProjectDO][0m getSecret check[2m {"hasDatabaseKey":false,"hasSessionSecret":true,"secretLength":53}[0m
[DO-HTTP] Token verified, user: e2e-admin
[DO-HTTP] documentId: testuser-test-1790425787431-g1r1yo:admin-doomed-muidacme:elements
[DO-HTTP] projectId: testuser-test-1790425787431-g1r1yo:admin-doomed-muidacme
[2m12:29:50.661[0m [32m[1mINFO [0m [35m[YjsProjectDO][0m Project testuser-test-1790425787431-g1r1yo:admin-doomed-muidacme destroyed: storage wiped
[2m12:29:50.667[0m [32m[1mINFO [0m [35m[AccountDeletion][0m[2m (5ab1bc35)[0m Account deleted[2m {"userId":"9667df72-5821-4af9-a8aa-8878cd34efdf"}[0m
[2m12:29:50.667[0m [32m[1mINFO [0m [35m[HTTP][0m[2m (5ab1bc35)[0m ← DELETE /api/v1/admin/users/9667df72-5821-4af9-a8aa-8878cd34efdf 200 14ms[2m {"method":"DELETE","path":"/api/v1/admin/users/9667df72-5821-4af9-a8aa-8878cd34efdf","status":200,"durationMs":14}[0m
[32m[wrangler:info][39m [0m[1mDELETE[22m /api/v1/admin/users/9667df72-5821-4af9-a8aa-8878cd34efdf [32m[1m200[22m OK [39m[90m(15ms)[39m[0m
[2m12:29:50.673[0m [36m[1mDEBUG[0m [35m[HTTP][0m[2m (843e08c2)[0m → POST /api/v1/auth/register[2m {"method":"POST","path":"/api/v1/auth/register","userAgent":"Mozilla/5.0 (Windows NT 10.0; Win64; x64) AppleWebKit/537.36 (KHTML, like Gecko) Chrome/153.0.8010.1","requestSize":"79 B"}[0m
[2m12:29:50.765[0m [32m[1mINFO [0m [35m[Email][0m[2m (843e08c2)[0m Email sending skipped — no valid recipient address[2m {"to":"testuser-test-1790425787431-g1r1yo@local"}[0m
[2m12:29:50.765[0m [32m[1mINFO [0m [35m[HTTP][0m[2m (843e08c2)[0m ← POST /api/v1/auth/register 200 92ms[2m {"method":"POST","path":"/api/v1/auth/register","status":200,"durationMs":92}[0m
[32m[wrangler:info][39m [0m[1mPOST[22m /api/v1/auth/register [32m[1m200[22m OK [39m[90m(94ms)[39m[0m
[2m12:29:50.771[0m [36m[1mDEBUG[0m [35m[HTTP][0m[2m (d1f20900)[0m → POST /api/v1/projects[2m {"method":"POST","path":"/api/v1/projects","userAgent":"Mozilla/5.0 (Windows NT 10.0; Win64; x64) AppleWebKit/537.36 (KHTML, like Gecko) Chrome/153.0.8010.1","requestSize":"54 B"}[0m
[2m12:29:50.776[0m [32m[1mINFO [0m [35m[HTTP][0m[2m (d1f20900)[0m ← POST /api/v1/projects 201 5ms[2m {"method":"POST","path":"/api/v1/projects","status":201,"durationMs":5}[0m
[32m[wrangler:info][39m [0m[1mPOST[22m /api/v1/projects [32m[1m201[22m Created [39m[90m(7ms)[39m[0m
[2m12:29:50.782[0m [36m[1mDEBUG[0m [35m[HTTP][0m[2m (4c7787f3)[0m → GET /api/v1/projects/testuser-test-1790425787431-g1r1yo/admin-doomed-muidacme/docs/sync-manifest[2m {"method":"GET","path":"/api/v1/projects/testuser-test-1790425787431-g1r1yo/admin-doomed-muidacme/docs/sync-manifest","userAgent":"Mozilla/5.0 (Windows NT 10.0; Win64; x64) AppleWebKit/537.36 (KHTML, like Gecko) Chrome/153.0.8010.1"}[0m
[DO-HTTP] GET /api/revisions
[DO-HTTP] Verifying token...
[2m12:29:50.785[0m [36m[1mDEBUG[0m [35m[YjsProjectDO][0m getSecret check[2m {"hasDatabaseKey":false,"hasSessionSecret":true,"secretLength":53}[0m
[DO-HTTP] Token verified, user: testuser-test-1790425787431-g1r1yo
[DO-HTTP] documentId: testuser-test-1790425787431-g1r1yo:admin-doomed-muidacme:elements
[DO-HTTP] projectId: testuser-test-1790425787431-g1r1yo:admin-doomed-muidacme
[2m12:29:50.787[0m [36m[1mDEBUG[0m [35m[YjsProjectDO][0m No persisted updates found for testuser-test-1790425787431-g1r1yo:admin-doomed-muidacme:elements - starting fresh
[2m12:29:50.787[0m [36m[1mDEBUG[0m [35m[YjsProjectDO][0m Created new shared doc for testuser-test-1790425787431-g1r1yo:admin-doomed-muidacme:elements
[2m12:29:50.787[0m [32m[1mINFO [0m [35m[HTTP][0m[2m (4c7787f3)[0m ← GET /api/v1/projects/testuser-test-1790425787431-g1r1yo/admin-doomed-muidacme/docs/sync-manifest 200 5ms[2m {"method":"GET","path":"/api/v1/projects/testuser-test-1790425787431-g1r1yo/admin-doomed-muidacme/docs/sync-manifest","status":200,"durationMs":5}[0m
[32m[wrangler:info][39m [0m[1mGET[22m /api/v1/projects/testuser-test-1790425787431-g1r1yo/admin-doomed-muidacme/docs/sync-manifest [32m[1m200[22m OK [39m[90m(7ms)[39m[0m
[2m12:29:51.408[0m [36m[1mDEBUG[0m [35m[HTTP][0m[2m (5601c605)[0m → GET /api/v1/appearance/config[2m {"method":"GET","path":"/api/v1/appearance/config","userAgent":"Mozilla/5.0 (Windows NT 10.0; Win64; x64) AppleWebKit/537.36 (KHTML, like Gecko) Chrome/153.0.8010.1"}[0m
[2m12:29:51.414[0m [32m[1mINFO [0m [35m[HTTP][0m[2m (5601c605)[0m ← GET /api/v1/appearance/config 200 6ms[2m {"method":"GET","path":"/api/v1/appearance/config","status":200,"durationMs":6}[0m
[32m[wrangler:info][39m [0m[1mGET[22m /api/v1/appearance/config [32m[1m200[22m OK [39m[90m(8ms)[39m[0m
[2m12:29:51.469[0m [36m[1mDEBUG[0m [35m[HTTP][0m[2m (bd6f18a9)[0m → GET /api/v1/users/me[2m {"method":"GET","path":"/api/v1/users/me","userAgent":"Mozilla/5.0 (Windows NT 10.0; Win64; x64) AppleWebKit/537.36 (KHTML, like Gecko) Chrome/153.0.8010.1"}[0m
[2m12:29:51.470[0m [32m[1mINFO [0m [35m[HTTP][0m[2m (bd6f18a9)[0m ← GET /api/v1/users/me 200 1ms[2m {"method":"GET","path":"/api/v1/users/me","status":200,"durationMs":1}[0m
[32m[wrangler:info][39m [0m[1mGET[22m /api/v1/users/me [32m[1m200[22m OK [39m[90m(6ms)[39m[0m
[2m12:29:51.475[0m [36m[1mDEBUG[0m [35m[HTTP][0m[2m (7959a8db)[0m → GET /api/v1/config/features[2m {"method":"GET","path":"/api/v1/config/features","userAgent":"Mozilla/5.0 (Windows NT 10.0; Win64; x64) AppleWebKit/537.36 (KHTML, like Gecko) Chrome/153.0.8010.1"}[0m
[2m12:29:51.491[0m [32m[1mINFO [0m [35m[HTTP][0m[2m (7959a8db)[0m ← GET /api/v1/config/features 200 16ms[2m {"method":"GET","path":"/api/v1/config/features","status":200,"durationMs":16}[0m
[32m[wrangler:info][39m [0m[1mGET[22m /api/v1/config/features [32m[1m200[22m OK [39m[90m(22ms)[39m[0m
[32m[wrangler:info][39m [0m[1mGET[22m /api/v1/health [32m[1m200[22m OK [39m[90m(8ms)[39m[0m
[2m12:29:51.983[0m [36m[1mDEBUG[0m [35m[HTTP][0m[2m (46a5ff75)[0m → GET /api/v1/appearance/config[2m {"method":"GET","path":"/api/v1/appearance/config","userAgent":"Mozilla/5.0 (Windows NT 10.0; Win64; x64) AppleWebKit/537.36 (KHTML, like Gecko) Chrome/153.0.8010.1"}[0m
[2m12:29:51.990[0m [32m[1mINFO [0m [35m[HTTP][0m[2m (46a5ff75)[0m ← GET /api/v1/appearance/config 200 7ms[2m {"method":"GET","path":"/api/v1/appearance/config","status":200,"durationMs":7}[0m
[32m[wrangler:info][39m [0m[1mGET[22m /api/v1/appearance/config [32m[1m200[22m OK [39m[90m(8ms)[39m[0m
[2m12:29:52.024[0m [36m[1mDEBUG[0m [35m[HTTP][0m[2m (396ad46f)[0m → GET /api/v1/users/me[2m {"method":"GET","path":"/api/v1/users/me","userAgent":"Mozilla/5.0 (Windows NT 10.0; Win64; x64) AppleWebKit/537.36 (KHTML, like Gecko) Chrome/153.0.8010.1"}[0m
[2m12:29:52.025[0m [32m[1mINFO [0m [35m[HTTP][0m[2m (396ad46f)[0m ← GET /api/v1/users/me 200 1ms[2m {"method":"GET","path":"/api/v1/users/me","status":200,"durationMs":1}[0m
[32m[wrangler:info][39m [0m[1mGET[22m /api/v1/users/me [32m[1m200[22m OK [39m[90m(7ms)[39m[0m
[2m12:29:52.030[0m [36m[1mDEBUG[0m [35m[HTTP][0m[2m (0a157ce8)[0m → GET /api/v1/config/features[2m {"method":"GET","path":"/api/v1/config/features","userAgent":"Mozilla/5.0 (Windows NT 10.0; Win64; x64) AppleWebKit/537.36 (KHTML, like Gecko) Chrome/153.0.8010.1"}[0m
[2m12:29:52.035[0m [32m[1mINFO [0m [35m[HTTP][0m[2m (0a157ce8)[0m ← GET /api/v1/config/features 200 5ms[2m {"method":"GET","path":"/api/v1/config/features","status":200,"durationMs":5}[0m
[32m[wrangler:info][39m [0m[1mGET[22m /api/v1/config/features [32m[1m200[22m OK [39m[90m(8ms)[39m[0m
[2m12:29:52.060[0m [36m[1mDEBUG[0m [35m[HTTP][0m[2m (5f8879ce)[0m → GET /api/v1/users/me[2m {"method":"GET","path":"/api/v1/users/me","userAgent":"Mozilla/5.0 (Windows NT 10.0; Win64; x64) AppleWebKit/537.36 (KHTML, like Gecko) Chrome/153.0.8010.1"}[0m
[2m12:29:52.060[0m [32m[1mINFO [0m [35m[HTTP][0m[2m (5f8879ce)[0m ← GET /api/v1/users/me 200 0ms[2m {"method":"GET","path":"/api/v1/users/me","status":200,"durationMs":0}[0m
[32m[wrangler:info][39m [0m[1mGET[22m /api/v1/users/me [32m[1m200[22m OK [39m[90m(6ms)[39m[0m
[32m[wrangler:info][39m [0m[1mGET[22m /api/v1/health [32m[1m200[22m OK [39m[90m(5ms)[39m[0m
